NORAD_CAT_ID,OBJECT_NAME,EPOCH,ANALYSIS_EPOCH_UTC,LONGITUDE_DEG,GEOCENTRIC_LATITUDE_DEG,DEMAND_KG,STATION_ID,SORTIE_DV_KM_S,OBJECTIVE_COST
56372,GS-1,2026-08-28 00:19:37.333056+00:00,2026-09-03T20:48:38.536416+00:00,87.15581753207638,-2.4261550622976826,100.0,5,0.20230736305429708,0.20230736305429708
41745,USA 271,2026-08-31 02:26:51.598176+00:00,2026-09-03T20:48:38.536416+00:00,97.1397056135289,-3.027837691464169,100.0,5,0.09674139333489506,0.09674139333489506
57479,JUPITER 3 (ECHOSTAR 24),2026-08-31 07:42:49.613184+00:00,2026-09-03T20:48:38.536416+00:00,-95.21171294240641,0.015503763041203492,100.0,2,0.09464042178156262,0.09464042178156262
55263,USA 342,2026-09-02 05:57:38.196864+00:00,2026-09-03T20:48:38.536416+00:00,23.78237068807839,0.0019079440470743457,100.0,4,0.006545002185513127,0.006545002185513127
56370,VIASAT 3-F1,2026-09-02 10:04:00.897312+00:00,2026-09-03T20:48:38.536416+00:00,-88.99643865731304,0.009026051410594576,100.0,3,0.09047879119754754,0.09047879119754754
43339,USA 283,2026-09-02 12:29:38.771232+00:00,2026-09-03T20:48:38.536416+00:00,134.05766006344533,-0.019235134596722037,100.0,5,0.2980962896093793,0.2980962896093793
64290,SIRIUS XM-10,2026-09-02 15:33:32.385600+00:00,2026-09-03T20:48:38.536416+00:00,-116.19182802504933,0.015571097445116573,100.0,1,0.11003112528170078,0.11003112528170078
29494,DIRECTV 9S,2026-09-02 15:37:46.978752+00:00,2026-09-03T20:48:38.536416+00:00,-101.15288599182404,2.3855169555990288,100.0,2,0.029010278813361268,0.029010278813361268
44333,AT&T T-16,2026-09-02 15:37:54.467040+00:00,2026-09-03T20:48:38.536416+00:00,-100.86588406320126,0.01419976014813965,100.0,2,0.032229956835445606,0.032229956835445606
44071,WGS 10 (USA 291),2026-09-02 17:15:38.848896+00:00,2026-09-03T20:48:38.536416+00:00,60.315906113064145,-0.0030607136810687097,100.0,4,0.3725234841126195,0.3725234841126195
68893,VIASAT 3-F3,2026-09-02 20:22:51.414816+00:00,2026-09-03T20:48:38.536416+00:00,158.5788532233051,-0.01133646217442563,100.0,5,0.5244897227172842,0.5244897227172842
42075,WGS 9 (USA 275),2026-09-02 21:11:16.033344+00:00,2026-09-03T20:48:38.536416+00:00,-11.973953286364308,0.012195222195635725,100.0,4,0.37604857067307407,0.37604857067307407
46114,GALAXY 30,2026-09-02 22:21:39.282624+00:00,2026-09-03T20:48:38.536416+00:00,-125.01320500919279,0.014207890817026501,100.0,1,0.012566136450203658,0.012566136450203658
42070,ECHOSTAR 23,2026-09-02 22:25:53.875776+00:00,2026-09-03T20:48:38.536416+00:00,-109.89538408745288,0.013457385168090351,100.0,2,0.06915455604368503,0.06915455604368503
35491,EWS-G3,2026-09-02 23:23:25.859040+00:00,2026-09-03T20:48:38.536416+00:00,91.01749137064135,-1.5577498890752144,100.0,5,0.16213692861630058,0.16213692861630058
42740,VIASAT 2,2026-09-03 00:19:57.187776+00:00,2026-09-03T20:48:38.536416+00:00,-69.90967972313537,-0.014070450528535474,100.0,3,0.12115489220323283,0.12115489220323283
68126,ECHOSTAR 25,2026-09-03 03:20:28.399776+00:00,2026-09-03T20:48:38.536416+00:00,-109.98042649977153,0.01298284963356613,100.0,2,0.07009043614645272,0.07009043614645272
47240,XM-7,2026-09-03 06:29:46.778784+00:00,2026-09-03T20:48:38.536416+00:00,-85.11997653830026,0.018464648473042508,100.0,3,0.0478098696485354,0.0478098696485354
19548,TDRS 3,2026-09-03 07:13:52.324320+00:00,2026-09-03T20:48:38.536416+00:00,-49.5070785636269,-12.501412055645973,100.0,3,0.328708729634549,0.328708729634549
40746,WGS 7 (USA 263),2026-09-03 07:53:38.813280+00:00,2026-09-03T20:48:38.536416+00:00,175.0017354631206,-0.004638413914615917,100.0,1,0.5771184560282858,0.5771184560282858
39222,WGS 6 (USA 244),2026-09-03 08:25:03.307872+00:00,2026-09-03T20:48:38.536416+00:00,-135.23374091531434,0.009725447222169165,100.0,1,0.10122527758084665,0.10122527758084665
23712,USA 115,2026-09-03 08:49:12.628992+00:00,2026-09-03T20:48:38.536416+00:00,-90.5132419644495,-5.25893954498293,100.0,3,0.1069319827885522,0.1069319827885522
39008,ECHOSTAR 16,2026-09-03 10:38:13.822656+00:00,2026-09-03T20:48:38.536416+00:00,-61.480321957037276,0.017775896798784233,100.0,3,0.20958069835415571,0.20958069835415571
25019,USA 134,2026-09-03 11:32:36.209760+00:00,2026-09-03T20:48:38.536416+00:00,-111.68170240898442,3.962274371347299,100.0,2,0.0887222248146955,0.0887222248146955
21639,TDRS 5,2026-09-03 11:50:41.341920+00:00,2026-09-03T20:48:38.536416+00:00,-166.84244197340945,10.021489528269445,100.0,1,0.4169343694512264,0.4169343694512264
27691,USA 167,2026-09-03 12:03:40.097952+00:00,2026-09-03T20:48:38.536416+00:00,-121.59237937471251,8.446810118030623,100.0,1,0.05092011020980003,0.05092011020980003
41879,WGS 8 (USA 272),2026-09-03 12:08:02.806656+00:00,2026-09-03T20:48:38.536416+00:00,149.81117429666807,-0.010405757986917605,100.0,5,0.44662983848870574,0.44662983848870574
32763,ICO G-1,2026-09-03 12:11:54.306816+00:00,2026-09-03T20:48:38.536416+00:00,-92.76556608536794,1.294474752596039,100.0,2,0.1210538672274879,0.1210538672274879
26715,USA 157,2026-09-03 13:38:08.539296+00:00,2026-09-03T20:48:38.536416+00:00,-149.89840457197405,9.451703807311999,100.0,1,0.2540756155934023,0.2540756155934023
35496,TERRESTAR 1,2026-09-03 13:49:22.461888+00:00,2026-09-03T20:48:38.536416+00:00,-110.866401908095,3.6519376301846997,100.0,2,0.07981478868770253,0.07981478868770253
38551,ECHOSTAR 17,2026-09-03 13:50:29.853888+00:00,2026-09-03T20:48:38.536416+00:00,-107.09443028334428,0.02031962981889173,100.0,2,0.03808641527005463,0.03808641527005463
41866,GOES 16,2026-09-03 13:51:14.782752+00:00,2026-09-03T20:48:38.536416+00:00,-104.69905036764118,0.5070595137091473,100.0,2,0.011135244945307932,0.011135244945307932
36395,SDO,2026-09-03 13:51:52.223328+00:00,2026-09-03T20:48:38.536416+00:00,-98.01261817795431,32.80940928973865,100.0,2,0.06396455194120065,0.06396455194120065
37218,SKYTERRA 1,2026-09-03 13:52:07.199040+00:00,2026-09-03T20:48:38.536416+00:00,-101.15951538585229,3.1635873399109777,100.0,2,0.028935848049439272,0.028935848049439272
40333,DIRECTV 14,2026-09-03 13:52:44.638752+00:00,2026-09-03T20:48:38.536416+00:00,-99.22922605467278,0.019843436953457236,100.0,2,0.05049379476748683,0.05049379476748683
32729,DIRECTV 11,2026-09-03 13:52:44.638752+00:00,2026-09-03T20:48:38.536416+00:00,-99.189789004613,-0.0017902447944438413,100.0,2,0.0509318630968405,0.0509318630968405
29236,GALAXY 16,2026-09-03 13:52:52.127040+00:00,2026-09-03T20:48:38.536416+00:00,-98.99342707139199,0.006487517924517451,100.0,2,0.053111653047650975,0.053111653047650975
33376,GALAXY 19,2026-09-03 13:53:22.079328+00:00,2026-09-03T20:48:38.536416+00:00,-96.99625382347577,-0.04300927708834629,100.0,2,0.07514984391166202,0.07514984391166202
27445,GALAXY 3C,2026-09-03 13:53:59.519040+00:00,2026-09-03T20:48:38.536416+00:00,-94.77469307701297,3.286038013708455,100.0,2,0.09938490649769705,0.09938490649769705
43226,GOES 17,2026-09-03 13:55:36.864192+00:00,2026-09-03T20:48:38.536416+00:00,-89.51299275606951,0.9675242269125032,100.0,3,0.09609712233407564,0.09609712233407564
35493,SIRIUS FM-5,2026-09-03 13:56:29.278752+00:00,2026-09-03T20:48:38.536416+00:00,-86.15972599070028,-0.04603449292821208,100.0,3,0.05934314117312134,0.05934314117312134
62259,SIRIUS XM-9,2026-09-03 13:56:51.742752+00:00,2026-09-03T20:48:38.536416+00:00,-85.2120422757834,0.004848006693419211,100.0,3,0.04883374448647437,0.04883374448647437
48838,XM-8,2026-09-03 13:56:51.742752+00:00,2026-09-03T20:48:38.536416+00:00,-85.14152286275016,0.013422152277985988,100.0,3,0.04804953534529943,0.04804953534529943
31307,GALAXY 17,2026-09-03 13:56:51.742752+00:00,2026-09-03T20:48:38.536416+00:00,-84.94826134843895,2.3745771991127675,100.0,3,0.045898823017234136,0.045898823017234136
66454,VIASAT 3-F2,2026-09-03 13:58:36.577056+00:00,2026-09-03T20:48:38.536416+00:00,-78.9997548107901,0.003220956464615558,100.0,3,0.021211162577882803,0.021211162577882803
34713,WGS F2 (USA 204),2026-09-03 14:37:25.355136+00:00,2026-09-03T20:48:38.536416+00:00,57.48069751251549,-0.014704342974856512,100.0,4,0.34559505547219693,0.34559505547219693
23467,UFO 4 (USA 108),2026-09-03 15:10:14.705760+00:00,2026-09-03T20:48:38.536416+00:00,172.39767933278333,9.657038772959945,100.0,1,0.5989917778723015,0.5989917778723015
32951,GALAXY 18,2026-09-03 15:28:35.446944+00:00,2026-09-03T20:48:38.536416+00:00,-123.00393248426089,-0.005586618037622141,100.0,1,0.035181327620966485,0.035181327620966485
36792,ECHOSTAR 15,2026-09-03 15:29:50.328096+00:00,2026-09-03T20:48:38.536416+00:00,-118.80272023277287,-0.05748832451242947,100.0,1,0.0816700449729133,0.0816700449729133
28659,DIRECTV 8,2026-09-03 15:29:50.328096+00:00,2026-09-03T20:48:38.536416+00:00,-119.04595736834449,0.011912762647943807,100.0,1,0.07900741276499446,0.07900741276499446
37185,XM-5,2026-09-03 15:30:50.231808+00:00,2026-09-03T20:48:38.536416+00:00,-115.19570455625961,-0.06917501398120275,100.0,1,0.12074697852797023,0.12074697852797023
69728,SIRIUS XM-11,2026-09-03 15:30:50.231808+00:00,2026-09-03T20:48:38.536416+00:00,-115.30555317501862,0.01941028303947934,100.0,1,0.11956808268633878,0.11956808268633878
37843,VIASAT 1,2026-09-03 15:30:57.720096+00:00,2026-09-03T20:48:38.536416+00:00,-115.09660812941951,0.0019354326437824932,100.0,1,0.12180988674026239,0.12180988674026239
49817,STPSAT-6,2026-09-03 15:31:50.137248+00:00,2026-09-03T20:48:38.536416+00:00,-111.91498680974154,0.510187415298838,100.0,2,0.0912637116963051,0.0912637116963051
27426,DIRECTV 5 (TEMPO 1),2026-09-03 15:32:20.087808+00:00,2026-09-03T20:48:38.536416+00:00,-110.01400466028392,4.740620778786806,100.0,2,0.07045983998878924,0.07045983998878924
28935,ECHOSTAR 10,2026-09-03 15:32:20.087808+00:00,2026-09-03T20:48:38.536416+00:00,-110.14104822240822,-0.05912921098086156,100.0,2,0.0718568756080149,0.0718568756080149
33207,ECHOSTAR 11,2026-09-03 15:32:27.576960+00:00,2026-09-03T20:48:38.536416+00:00,-109.79518358165406,1.173483614461577,100.0,2,0.06805130728369946,0.06805130728369946
37748,SES 3,2026-09-03 15:34:19.896960+00:00,2026-09-03T20:48:38.536416+00:00,-102.99047022596484,1.4297540062559055,100.0,2,0.008274418663013705,0.008274418663013705
40663,DIRECTV 15,2026-09-03 15:34:27.386112+00:00,2026-09-03T20:48:38.536416+00:00,-102.86243253491561,0.016504104324958448,100.0,2,0.00972607393117464,0.00972607393117464
36131,DIRECTV 12,2026-09-03 15:34:27.386112+00:00,2026-09-03T20:48:38.536416+00:00,-102.72508603274423,0.00261573940174317,100.0,2,0.011282125710021518,0.011282125710021518
41893,ECHOSTAR 19,2026-09-03 15:36:04.731264+00:00,2026-09-03T20:48:38.536416+00:00,-97.0972803229684,0.013515801507696556,100.0,2,0.07404079244595252,0.07404079244595252
20253,FLTSATCOM 8 (USA 46),2026-09-03 16:03:44.375040+00:00,2026-09-03T20:48:38.536416+00:00,125.17889887378854,11.649862577657911,100.0,5,0.20903888303339002,0.20903888303339002
36108,WGS F3 (USA 211),2026-09-03 16:06:30.681216+00:00,2026-09-03T20:48:38.536416+00:00,-122.31725477153506,0.31601540182708754,100.0,1,0.04285298735118559,0.04285298735118559
23613,TDRS 7,2026-09-03 16:08:40.257024+00:00,2026-09-03T20:48:38.536416+00:00,88.2965276127826,7.878603185335282,100.0,5,0.19052599328528075,0.19052599328528075
26388,TDRS 8,2026-09-03 16:10:24.908160+00:00,2026-09-03T20:48:38.536416+00:00,85.07923549431504,-2.349777476863448,100.0,5,0.22357525277142898,0.22357525277142898
36868,AEHF 1 (USA 214),2026-09-03 16:25:35.253120+00:00,2026-09-03T20:48:38.536416+00:00,29.829282057493387,-8.231966939303124,100.0,4,0.061372958637612385,0.061372958637612385
22787,UFO 2 (USA 95),2026-09-03 16:26:44.850048+00:00,2026-09-03T20:48:38.536416+00:00,29.26333650997769,-7.518437838339727,100.0,4,0.055109703928497566,0.055109703928497566
38070,WGS F4 (USA 233),2026-09-03 16:28:59.654784+00:00,2026-09-03T20:48:38.536416+00:00,88.41962402627097,-0.011478339855492655,100.0,5,0.18925042762135114,0.18925042762135114
27875,USA 170,2026-09-03 16:30:30.123360+00:00,2026-09-03T20:48:38.536416+00:00,24.326602120274394,-10.653842746997158,100.0,4,0.0003579169498557633,0.0003579169498557633
27954,HORIZONS 1 (GALAXY 13),2026-09-03 17:03:33.839712+00:00,2026-09-03T20:48:38.536416+00:00,-150.01511808001544,1.431945837715673,100.0,1,0.25524578276832344,0.25524578276832344
51850,GOES 18,2026-09-03 17:07:18.483168+00:00,2026-09-03T20:48:38.536416+00:00,-137.0106477456561,-0.009071876941083091,100.0,1,0.1203841222649018,0.1203841222649018
36499,ECHOSTAR 14,2026-09-03 17:12:25.490880+00:00,2026-09-03T20:48:38.536416+00:00,-118.91291414446741,-0.05895262912934293,100.0,1,0.08046422575379708,0.08046422575379708
39360,SIRIUS FM-6,2026-09-03 17:12:55.444032+00:00,2026-09-03T20:48:38.536416+00:00,-116.36968270004769,0.005722906872565156,100.0,1,0.10811180575073287,0.10811180575073287
22314,TDRS 6,2026-09-03 17:31:54.848352+00:00,2026-09-03T20:48:38.536416+00:00,-46.383089735947486,-13.539899369190808,100.0,3,0.358619713653642,0.358619713653642
25967,UFO 10 (USA 146),2026-09-03 17:39:45.369792+00:00,2026-09-03T20:48:38.536416+00:00,-23.11062422363205,-9.010233716287566,100.0,4,0.4780799058213674,0.4780799058213674
36411,EWS-G2,2026-09-03 18:24:38.670336+00:00,2026-09-03T20:48:38.536416+00:00,63.32713750814337,-1.4784258968991126,100.0,4,0.40071269253220265,0.40071269253220265
26575,USA 153,2026-09-03 18:24:41.061024+00:00,2026-09-03T20:48:38.536416+00:00,133.9086785454057,6.6938287910713505,100.0,5,0.2966350939645839,0.2966350939645839
39070,TDRS 11,2026-09-03 18:39:24.651360+00:00,2026-09-03T20:48:38.536416+00:00,-174.1044558886827,3.638577707801606,100.0,1,0.48267283969709673,0.48267283969709673
43162,SBIRS GEO 3 (USA 282),2026-09-03 18:43:31.756224+00:00,2026-09-03T20:48:38.536416+00:00,-159.3866077188432,1.942747582794165,100.0,1,0.34697060020012493,0.34697060020012493
39120,SBIRS GEO 2 (USA 241),2026-09-03 19:05:59.602272+00:00,2026-09-03T20:48:38.536416+00:00,-80.85918526309702,1.4549742299922142,100.0,3,0.00014688384498739993,0.00014688384498739993
60133,GOES 19,2026-09-03 19:07:36.944832+00:00,2026-09-03T20:48:38.536416+00:00,-75.19206038352947,-0.008959882365190125,100.0,3,0.0636785898900083,0.0636785898900083
65160,NTS-3,2026-09-03 19:10:44.145984+00:00,2026-09-03T20:48:38.536416+00:00,-64.02435010256922,1.158012032255198,100.0,3,0.18330628977918018,0.18330628977918018
41592,ECHOSTAR 18,2026-09-03 19:11:29.073984+00:00,2026-09-03T20:48:38.536416+00:00,-61.3294096220978,0.01741741249491362,100.0,3,0.2111283530481547,0.2111283530481547
39168,WGS 5 (USA 243),2026-09-03 19:14:06.322848+00:00,2026-09-03T20:48:38.536416+00:00,-52.51036593897083,0.019584295875404754,100.0,3,0.2995075720995519,0.2995075720995519
28158,USA 176,2026-09-03 19:14:51.250848+00:00,2026-09-03T20:48:38.536416+00:00,-49.80576020940616,-7.871875869700775,100.0,3,0.325824380778462,0.325824380778462
32258,WGS F1 (USA 195),2026-09-03 19:16:51.060000+00:00,2026-09-03T20:48:38.536416+00:00,-42.48148590683614,0.017439092413293403,100.0,3,0.3953295146005509,0.3953295146005509
37481,SBIRS GEO 1 (USA 230),2026-09-03 19:23:38.410080+00:00,2026-09-03T20:48:38.536416+00:00,51.877363453890496,-4.300960789511087,100.0,4,0.2912369842364466,0.2912369842364466
38254,AEHF 2 (USA 235),2026-09-03 19:24:20.340864+00:00,2026-09-03T20:48:38.536416+00:00,-16.628410427355888,-4.5514238176351425,100.0,4,0.41936576971501616,0.41936576971501616
42915,TDRS 13,2026-09-03 19:25:50.197728+00:00,2026-09-03T20:48:38.536416+00:00,-11.293644359257065,-3.4334051557942464,100.0,4,0.36963355852989643,0.36963355852989643
46113,MEV-2,2026-09-03 19:28:42.423168+00:00,2026-09-03T20:48:38.536416+00:00,-0.9930482803732905,0.023069974555887864,100.0,4,0.26978534153972156,0.26978534153972156
41937,SBIRS GEO 4 (USA 273),2026-09-03 19:29:49.815168+00:00,2026-09-03T20:48:38.536416+00:00,2.8397135269092626,-2.290208896655996,100.0,4,0.2312776087961126,0.2312776087961126
32708,AMC-14,2026-09-03 19:38:29.404032+00:00,2026-09-03T20:48:38.536416+00:00,104.32647136740457,8.664690837980482,100.0,5,0.017162737290229657,0.017162737290229657
26107,ASIASTAR,2026-09-03 19:39:29.865024+00:00,2026-09-03T20:48:38.536416+00:00,105.18810019713692,-2.7338401596483592,100.0,5,0.007409524012377489,0.007409524012377489
39504,TDRS 12,2026-09-03 19:48:40.891392+00:00,2026-09-03T20:48:38.536416+00:00,-40.94489593642851,-3.2831978317248893,100.0,3,0.4095944652259629,0.4095944652259629
52940,WFOV (USA 332),2026-09-03 19:54:54.040032+00:00,2026-09-03T20:48:38.536416+00:00,119.37147316985269,-1.524629794275156,100.0,5,0.148524821012316,0.148524821012316
48618,SBIRS GEO 5 (USA 315),2026-09-03 19:55:47.326368+00:00,2026-09-03T20:48:38.536416+00:00,93.68915736860156,4.304044498339474,100.0,5,0.13386180008973092,0.13386180008973092
56371,ARCTURUS,2026-09-03 20:03:09.118944+00:00,2026-09-03T20:48:38.536416+00:00,119.79532173808171,-1.208079985768028,100.0,5,0.15300437803218436,0.15300437803218436
45465,AEHF 6 (USA 298),2026-09-03 20:08:23.618400+00:00,2026-09-03T20:48:38.536416+00:00,138.18204564437724,1.7992236722036878,100.0,5,0.33811435374069454,0.33811435374069454
53355,SBIRS GEO 6 (USA 336),2026-09-03 20:08:38.594112+00:00,2026-09-03T20:48:38.536416+00:00,139.00959389926106,2.832944186986079,100.0,5,0.34604447032136854,0.34604447032136854
44625,MEV-1,2026-09-03 20:13:30.626976+00:00,2026-09-03T20:48:38.536416+00:00,156.0911144359235,-0.04647269635786583,100.0,5,0.5027274860932422,0.5027274860932422
28117,UFO 11 (USA 174),2026-09-03 20:33:51.736320+00:00,2026-09-03T20:48:38.536416+00:00,75.69595582275355,-3.477431781698994,100.0,5,0.31689001258174265,0.31689001258174265
42749,ECHOSTAR 21,2026-09-03 20:48:38.536416+00:00,2026-09-03T20:48:38.536416+00:00,10.29112402786233,-1.4610208998315184,100.0,4,0.15418144458618777,0.15418144458618777
