OBJECT_NAME,OBJECT_ID,NORAD_CAT_ID,OBJECT_TYPE,OPS_STATUS_CODE,OWNER,LAUNCH_DATE,LAUNCH_SITE,DECAY_DATE,PERIOD,INCLINATION,APOGEE,PERIGEE,RCS,DATA_STATUS_CODE,ORBIT_CENTER,ORBIT_TYPE
TDRS 3,1988-091B,19548,PAY,+,US,1988-09-29,AFETR,,1436.0,12.54,35946,35624,38.9782,,EA,ORB
FLTSATCOM 8 (USA 46),1989-077A,20253,PAY,+,US,1989-09-25,AFETR,,1435.99,12.4,35795,35774,32.5418,,EA,ORB
TDRS 5,1991-054B,21639,PAY,+,US,1991-08-02,AFETR,,1436.05,14.06,35824,35747,20.8608,,EA,ORB
TDRS 6,1993-003B,22314,PAY,+,US,1993-01-13,AFETR,,1435.99,14.19,35823,35746,28.6701,,EA,ORB
UFO 2 (USA 95),1993-056A,22787,PAY,+,US,1993-09-03,AFETR,,1436.07,11.92,35792,35780,0.003,,EA,ORB
UFO 4 (USA 108),1995-003A,23467,PAY,+,US,1995-01-29,AFETR,,1436.04,9.69,35797,35774,30.352,,EA,ORB
TDRS 7,1995-035B,23613,PAY,+,US,1995-07-13,AFETR,,1436.03,13.3,35835,35735,22.3872,,EA,ORB
USA 115 (MILSTAR-1 2),1995-060A,23712,PAY,+,US,1995-11-06,AFETR,,1436.09,14.1,35813,35760,,,EA,ORB
INMARSAT 3-F1,1996-020A,23839,PAY,B,IM,1996-04-03,AFETR,,1440.0,10.76,35890,35836,1.1784,,EA,ORB
INMARSAT 3-F2,1996-053A,24307,PAY,B,IM,1996-09-06,TYMSC,,1440.35,10.03,35894,35846,830.0351,,EA,ORB
INMARSAT 3-F3,1996-070A,24674,PAY,B,IM,1996-12-18,AFETR,,1440.05,10.48,35886,35842,28.1837,,EA,ORB
USA 134,1997-065A,25019,PAY,+,US,1997-10-25,AFETR,,1436.11,12.88,35797,35777,,,EA,ORB
INMARSAT 3-F5,1998-006B,25153,PAY,+,IM,1998-02-04,FRGUI,,1436.12,9.86,35806,35768,14.5,,EA,ORB
USA 139,1998-029A,25336,PAY,+,US,1998-05-09,AFETR,,1436.13,7.32,35980,35594,,NEA,EA,ORB
ABS-6,1999-053A,25924,PAY,+,ABS,1999-09-26,TYMSC,,1436.09,0.05,35798,35775,39.8107,,EA,ORB
UFO 10 (USA 146),1999-063A,25967,PAY,+,US,1999-11-23,AFETR,,1436.11,9.9,35802,35772,0.5186,,EA,ORB
ASIASTAR,2000-016A,26107,PAY,+,US,2000-03-21,FRGUI,,1436.07,9.31,35803,35769,25.1188,,EA,ORB
TDRS 8,2000-034A,26388,PAY,+,US,2000-06-30,AFETR,,1436.08,12.81,35795,35778,26.766,,EA,ORB
NSS-11,2000-059A,26554,PAY,+,SES,2000-10-01,TYMSC,,1436.11,2.32,35800,35774,19.9526,,EA,ORB
USA 153,2000-065A,26575,PAY,+,US,2000-10-20,AFETR,,1436.09,11.76,35794,35779,,,EA,ORB
AMC-6,2000-067A,26580,PAY,+,SES,2000-10-21,TYMSC,,1436.12,0.35,35804,35770,13.6109,,EA,ORB
USA 157 (MILSTAR-2 2),2001-009A,26715,PAY,+,US,2001-02-27,AFETR,,1436.09,11.63,35967,35606,,,EA,ORB
INTELSAT 902 (IS-902),2001-039A,26900,PAY,+,ITSO,2001-08-30,FRGUI,,1436.11,6.31,35804,35770,14.1589,,EA,ORB
INTELSAT 904 (IS-904),2002-007A,27380,PAY,+,ITSO,2002-02-23,FRGUI,,1436.09,7.11,35800,35773,23.7928,,EA,ORB
DIRECTV 5 (TEMPO 1),2002-023A,27426,PAY,+,US,2002-05-07,TYMSC,,1436.1,5.07,35801,35772,12.5892,,EA,ORB
INTELSAT 905 (IS-905),2002-027A,27438,PAY,+,ITSO,2002-06-05,FRGUI,,1436.12,6.94,35801,35773,15.8865,,EA,ORB
GALAXY 3C (G-3C),2002-030A,27445,PAY,+,US,2002-06-15,SEAL,,1436.1,3.93,35792,35781,33.4954,,EA,ORB
INTELSAT 906 (IS-906),2002-041A,27513,PAY,+,ITSO,2002-09-06,FRGUI,,1436.11,6.0,35798,35775,22.2955,,EA,ORB
NIMIQ 2,2002-062A,27632,PAY,+,CA,2002-12-29,TYMSC,,1436.1,9.62,35810,35763,111.2871,,EA,ORB
USA 167,2003-008A,27691,PAY,+,US,2003-03-11,AFETR,,1436.07,11.11,35799,35774,,,EA,ORB
ASIASAT 4,2003-014A,27718,PAY,+,AC,2003-04-12,AFETR,,1436.07,4.9,35797,35775,25.1189,,EA,ORB
HELLAS-SAT 2,2003-020A,27811,PAY,+,GREC,2003-05-13,AFETR,,1436.09,7.54,35817,35756,15.8489,,EA,ORB
THURAYA-2,2003-026A,27825,PAY,+,UAE,2003-06-10,SEAL,,1436.1,8.96,35792,35781,10.0237,,EA,ORB
OPTUS C1,2003-028B,27831,PAY,+,AUS,2003-06-11,FRGUI,,1436.07,7.08,35810,35763,25.1188,,EA,ORB
USA 170,2003-040A,27875,PAY,+,US,2003-08-29,AFETR,,1436.18,10.64,35797,35779,,,EA,ORB
USA 171,2003-041A,27937,PAY,+,US,2003-09-09,AFETR,,1436.09,15.13,35941,35632,,NEA,EA,ORB
GALAXY 13 (HORIZONS-1),2003-044A,27954,PAY,+,US,2003-10-01,SEAL,,1436.12,1.62,35795,35779,25.4101,,EA,ORB
YAMAL 202,2003-053A,28089,PAY,+,CIS,2003-11-24,TYMSC,,1436.1,6.53,35804,35769,79.4328,,EA,ORB
UFO 11 (USA 174),2003-057A,28117,PAY,+,US,2003-12-18,AFETR,,1436.1,9.01,35802,35772,10.0,,EA,ORB
USA 176 (DSP 22),2004-004A,28158,PAY,P,US,2004-02-14,AFETR,,1436.16,12.17,35797,35778,,,EA,ORB
ABS-4 (MOBISAT-1),2004-007A,28184,PAY,+,ABS,2004-03-13,AFETR,,1436.1,6.23,35808,35765,10.0,,EA,ORB
INTELSAT 10-02,2004-022A,28358,PAY,+,ITSO,2004-06-16,TYMSC,,1436.11,0.05,35788,35785,21.2048,,EA,ORB
ANIK F2,2004-027A,28378,PAY,+,CA,2004-07-18,FRGUI,,1436.1,3.48,35799,35774,36.6346,,EA,ORB
AMC-15,2004-041A,28446,PAY,+,SES,2004-10-14,TYMSC,,1436.1,0.06,35795,35778,22.4085,,EA,ORB
NSS-10,2005-003A,28526,PAY,+,SES,2005-02-03,TYMSC,,1436.12,6.64,35800,35774,9.5199,,EA,ORB
INMARSAT 4-F1,2005-009A,28628,PAY,P,IM,2005-03-11,AFETR,,1436.1,5.28,35798,35775,5.0119,,EA,ORB
DIRECTV 8,2005-019A,28659,PAY,+,US,2005-05-22,TYMSC,,1436.12,0.02,35800,35774,16.6707,,EA,ORB
GALAXY 28 (G-28),2005-022A,28702,PAY,+,ITSO,2005-06-23,SEAL,,1436.11,3.49,35795,35779,16.7962,,EA,ORB
THAICOM 4,2005-028A,28786,PAY,+,THAI,2005-08-11,FRGUI,,1436.12,0.44,35790,35784,15.8677,,EA,ORB
ANIK F1R,2005-036A,28868,PAY,+,CA,2005-09-08,TYMSC,,1436.1,4.51,35799,35774,12.5892,,EA,ORB
SYRACUSE 3A,2005-041B,28885,PAY,+,FR,2005-10-13,FRGUI,,1436.09,4.84,35796,35776,23.5772,,EA,ORB
INMARSAT 4-F2,2005-044A,28899,PAY,+,IM,2005-11-08,SEAL,,1436.11,5.2,35797,35776,4.4668,,EA,ORB
METEOSAT-9 (MSG-2),2005-049B,28912,PAY,+,EUME,2005-12-21,FRGUI,,1436.13,9.53,35794,35781,2.0767,,EA,ORB
EUTELSAT 174A,2005-052A,28924,PAY,+,EUTE,2005-12-29,TYMSC,,1436.12,4.41,35812,35762,5.4972,,EA,ORB
ECHOSTAR 10,2006-003A,28935,PAY,+,US,2006-02-15,SEAL,,1435.98,0.06,35793,35776,22.7066,,EA,ORB
SPAINSAT,2006-007A,28945,PAY,+,SPN,2006-03-11,FRGUI,,1436.1,0.76,35807,35766,26.7038,,EA,ORB
JCSAT-5A,2006-010A,29045,PAY,+,JPN,2006-04-12,SEAL,,1436.09,1.3,35794,35779,19.9526,,EA,ORB
ASTRA 1KR,2006-012A,29055,PAY,+,SES,2006-04-20,AFETR,,1436.13,0.67,35802,35773,14.4313,,EA,ORB
GALAXY 16 (G-16),2006-023A,29236,PAY,+,US,2006-06-18,SEAL,,1436.11,0.01,35799,35775,251.785,,EA,ORB
EUTELSAT 33F,2006-032A,29270,PAY,+,EUTE,2006-08-04,TYMSC,,1436.13,1.86,35802,35773,31.6228,,EA,ORB
JCSAT-3A,2006-033A,29272,PAY,+,JPN,2006-08-11,FRGUI,,1436.09,0.04,35795,35778,31.6228,,EA,ORB
KOREASAT 5 (MUGUNGWHA 5),2006-034A,29349,PAY,+,SKOR,2006-08-22,SEAL,,1436.13,1.98,35798,35777,25.1189,,EA,ORB
DIRECTV 9S,2006-043A,29494,PAY,+,US,2006-10-13,FRGUI,,1436.1,2.61,35803,35771,271.1266,,EA,ORB
OPTUS D1,2006-043B,29495,PAY,+,AUS,2006-10-13,FRGUI,,1436.09,3.23,35802,35771,3.9811,,EA,ORB
BADR-4,2006-051A,29526,PAY,+,AB,2006-11-08,TYMSC,,1436.1,2.2,35808,35766,0.003,,EA,ORB
SKYNET 5A,2007-007B,30794,PAY,+,UK,2007-03-11,FRGUI,,1436.09,5.49,35801,35772,41.806,,EA,ORB
ANIK F3,2007-009A,31102,PAY,+,CA,2007-04-09,TYMSC,,1436.09,1.39,35798,35775,28.2172,,EA,ORB
ASTRA 1L,2007-016A,31306,PAY,+,SES,2007-05-04,FRGUI,,1436.05,1.52,35807,35764,18.3351,,EA,ORB
GALAXY 17 (G-17),2007-016B,31307,PAY,+,US,2007-05-04,FRGUI,,1436.1,3.16,35799,35774,12.6832,,EA,ORB
WGS F1 (USA 195),2007-046A,32258,PAY,+,US,2007-10-11,AFETR,,1436.11,0.02,35791,35783,15.8866,,EA,ORB
SKYNET 5B,2007-056B,32294,PAY,+,UK,2007-11-14,FRGUI,,1436.1,5.44,35802,35771,15.8866,,EA,ORB
ASTRA 4A,2007-057A,32299,PAY,+,SES,2007-11-17,TYMSC,,1436.12,0.06,35797,35777,20.0,,EA,ORB
HORIZONS-2,2007-063B,32388,PAY,+,ITSO,2007-12-21,FRGUI,,1436.11,2.8,35794,35779,17.3208,,EA,ORB
THURAYA-3,2008-001A,32404,PAY,P,UAE,2008-01-15,SEAL,,1436.11,6.12,35797,35777,7.9621,,EA,ORB
THOR 5,2008-006A,32487,PAY,+,NOR,2008-02-11,TYMSC,,1436.11,0.05,35797,35777,31.6228,,EA,ORB
AMC-14,2008-011A,32708,PAY,P,US,2008-03-14,TYMSC,,1433.63,24.1,35889,35587,13.1101,,EA,ORB
DIRECTV 11,2008-013A,32729,PAY,+,US,2008-03-19,SEAL,,1436.12,,35787,35787,6.3246,,EA,ORB
ICO G1,2008-016A,32763,PAY,+,US,2008-04-14,AFETR,,1436.08,5.54,35796,35777,14.1589,,EA,ORB
VINASAT-1,2008-018A,32767,PAY,+,VTNM,2008-04-18,FRGUI,,1436.13,0.04,35796,35778,12.5893,,EA,ORB
STAR ONE C2,2008-018B,32768,PAY,+,BRAZ,2008-04-18,FRGUI,,1436.11,1.43,35797,35777,10.7588,,EA,ORB
AMOS-3,2008-022A,32794,PAY,+,ISRA,2008-04-28,TYMSC,,1436.11,0.65,35796,35777,42.973,,EA,ORB
GALAXY 18 (G-18),2008-024A,32951,PAY,+,US,2008-05-21,SEAL,,1436.11,0.01,35799,35774,20.9813,,EA,ORB
ZHONGXING-9,2008-028A,33051,PAY,+,PRC,2008-06-09,XICLF,,1436.09,0.96,35808,35765,19.9526,,EA,ORB
SKYNET 5C,2008-030A,33055,PAY,+,UK,2008-06-12,FRGUI,,1436.11,3.98,35807,35766,29.0999,,EA,ORB
TURKSAT 3A,2008-030B,33056,PAY,+,TURK,2008-06-12,FRGUI,,1436.06,0.02,35805,35767,24.7919,,EA,ORB
ECHOSTAR 11,2008-035A,33207,PAY,+,US,2008-07-16,SEAL,,1436.11,1.2,35797,35776,32.4063,,EA,ORB
SUPERBIRD-C2,2008-038A,33274,PAY,+,JPN,2008-08-14,FRGUI,,1436.09,2.56,35811,35762,12.6191,,EA,ORB
INMARSAT 4-F3,2008-039A,33278,PAY,+,IM,2008-08-18,TYMSC,,1436.08,4.37,35798,35774,12.6191,,EA,ORB
NIMIQ 4,2008-044A,33373,PAY,+,CA,2008-09-19,TYMSC,,1436.12,0.02,35795,35779,10.0118,,EA,ORB
GALAXY 19 (G-19),2008-045A,33376,PAY,+,US,2008-09-24,SEAL,,1436.11,0.05,35798,35776,15.8677,,EA,ORB
ASTRA 1M,2008-057A,33436,PAY,+,SES,2008-11-05,TYMSC,,1436.08,0.49,35803,35770,10.0237,,EA,ORB
EUTELSAT HOTBIRD 13C,2008-065A,33459,PAY,+,EUTE,2008-12-20,FRGUI,,1436.12,3.14,35802,35772,6.3245,,EA,ORB
USA 202,2009-001A,33490,PAY,+,US,2009-01-18,AFETR,,1436.03,8.8,35828,35743,,NEA,EA,ORB
EXPRESS-AM44,2009-007A,33595,PAY,+,CIS,2009-02-11,TYMSC,,1436.1,3.66,35802,35771,54.0998,,EA,ORB
NSS-9,2009-008A,33749,PAY,+,SES,2009-02-12,FRGUI,,1436.11,1.46,35796,35777,50.1187,,EA,ORB
TELSTAR 11N,2009-009A,34111,PAY,+,CA,2009-02-26,TYMSC,,1436.12,0.06,35797,35777,17.6011,,EA,ORB
WGS F2 (USA 204),2009-017A,34713,PAY,+,US,2009-04-04,AFETR,,1436.07,0.02,35788,35784,5.0119,,EA,ORB
SICRAL 1B,2009-020A,34810,PAY,+,IT,2009-04-20,SEAL,,1436.0,0.1,35808,35762,14.9314,NEA,EA,ORB
SES-7 (PROTOSTAR 2),2009-027A,34941,PAY,+,SES,2009-05-16,TYMSC,,1436.11,0.04,35789,35784,10.0,,EA,ORB
MEASAT-3A,2009-032A,35362,PAY,+,MALA,2009-06-21,TYMSC,,1436.1,0.03,35795,35778,31.6228,,EA,ORB
EWS-G3 (GOES 14),2009-033A,35491,PAY,B,US,2009-06-27,AFETR,,1438.94,1.88,35851,35833,17.6453,,EA,ORB
FM-5,2009-034A,35493,PAY,+,US,2009-06-30,TYMSC,,1436.09,0.05,35788,35784,10.0,,EA,ORB
TERRESTAR-1,2009-035A,35496,PAY,+,US,2009-07-01,FRGUI,,1436.07,5.21,35797,35776,17.2973,,EA,ORB
ASIASAT 5,2009-042A,35696,PAY,+,AC,2009-08-11,TYMSC,,1436.09,0.04,35793,35780,15.8489,,EA,ORB
JCSAT-12 (JCSAT-RA),2009-044A,35755,PAY,+,JPN,2009-08-21,FRGUI,,1436.13,0.05,35794,35780,50.1187,,EA,ORB
OPTUS D3,2009-044B,35756,PAY,+,AUS,2009-08-21,FRGUI,,1436.11,0.85,35804,35769,6.3096,,EA,ORB
USA 207,2009-047A,35815,PAY,+,US,2009-09-08,AFETR,,1436.1,0.1,35819,35753,,NEA,EA,ORB
NIMIQ 5,2009-050A,35873,PAY,+,CA,2009-09-17,TYMSC,,1436.11,0.06,35798,35775,94.7185,,EA,ORB
AMAZONAS 2,2009-054A,35942,PAY,+,SPN,2009-10-01,FRGUI,,1436.1,2.01,35801,35773,11.0159,,EA,ORB
COMSATBW-1,2009-054B,35943,PAY,+,GER,2009-10-01,FRGUI,,1436.09,0.04,35799,35774,7.9433,,EA,ORB
NSS-12,2009-058A,36032,PAY,+,SES,2009-10-29,FRGUI,,1436.07,0.04,35800,35772,7.9433,,EA,ORB
THOR 6,2009-058B,36033,PAY,+,NOR,2009-10-29,FRGUI,,1436.09,0.03,35798,35775,7.0794,,EA,ORB
INTELSAT 14 (IS-14),2009-064A,36097,PAY,+,ITSO,2009-11-23,AFETR,,1435.85,0.11,35796,35768,25.9029,,EA,ORB
EUTELSAT 36B,2009-065A,36101,PAY,+,EUTE,2009-11-24,TYMSC,,1436.1,0.68,35811,35762,12.5893,,EA,ORB
INTELSAT 15 (IS-15),2009-067A,36106,PAY,+,ITSO,2009-11-30,TYMSC,,1436.1,0.02,35796,35777,12.5893,,EA,ORB
WGS F3 (USA 211),2009-068A,36108,PAY,+,US,2009-12-06,AFETR,,1436.09,0.32,35790,35783,10.0,,EA,ORB
DIRECTV 12,2009-075A,36131,PAY,+,US,2009-12-29,TYMSC,,1436.1,0.04,35788,35785,14.1132,,EA,ORB
BEIDOU-2 G1,2010-001A,36287,PAY,P,PRC,2010-01-16,XICLF,,1436.08,4.47,35794,35779,79.4328,,EA,ORB
SDO,2010-005A,36395,PAY,+,US,2010-02-11,AFETR,,1436.05,34.81,35794,35778,5.1714,,EA,ORB
INTELSAT 16 (IS-16),2010-006A,36397,PAY,+,ITSO,2010-02-12,TYMSC,,1436.1,0.02,35797,35776,266.9529,,EA,ORB
EWS-G2 (GOES 15),2010-008A,36411,PAY,B,US,2010-03-04,AFETR,,1436.12,1.49,35809,35765,6.3096,,EA,ORB
ECHOSTAR 14,2010-010A,36499,PAY,+,US,2010-03-20,TYMSC,,1436.11,0.06,35795,35779,46.2338,,EA,ORB
SES-1,2010-016A,36516,PAY,+,SES,2010-04-24,TYMSC,,1436.1,0.06,35797,35776,26.9753,,EA,ORB
ASTRA 3B,2010-021A,36581,PAY,+,SES,2010-05-21,FRGUI,,1436.06,1.67,35801,35770,8.168,,EA,ORB
COMSATBW-2,2010-021B,36582,PAY,+,GER,2010-05-21,FRGUI,,1436.12,0.01,35798,35776,6.3096,,EA,ORB
BEIDOU-2 G3,2010-024A,36590,PAY,P,PRC,2010-06-02,XICLF,,1436.07,4.7,35808,35765,52.4,,EA,ORB
BADR-5,2010-025A,36592,PAY,+,AB,2010-06-03,TYMSC,,1436.03,0.03,35819,35751,15.8489,,EA,ORB
ARABSAT-5A,2010-032B,36745,PAY,+,AB,2010-06-26,FRGUI,,1436.1,0.23,35805,35768,11.1427,,EA,ORB
ECHOSTAR 15,2010-034A,36792,PAY,+,US,2010-07-10,TYMSC,,1436.11,0.06,35795,35778,6.3096,,EA,ORB
NILESAT 201,2010-037A,36830,PAY,+,EGYP,2010-08-04,FRGUI,,1436.09,0.02,35810,35763,59.7633,,EA,ORB
RASCOM-QAF 1R,2010-037B,36831,PAY,+,RASC,2010-08-04,FRGUI,,1436.09,0.02,35808,35764,65.9677,,EA,ORB
AEHF-1 (USA 214),2010-039A,36868,PAY,+,US,2010-08-14,AFETR,,1436.1,8.41,35803,35770,7.9433,,EA,ORB
XM-5,2010-053A,37185,PAY,+,US,2010-10-14,TYMSC,,1436.08,0.07,35789,35784,12.6191,,EA,ORB
BSAT-3B,2010-056B,37207,PAY,+,JPN,2010-10-28,FRGUI,,1436.13,0.09,35805,35770,10.0,,EA,ORB
BEIDOU-2 G4,2010-057A,37210,PAY,+,PRC,2010-10-31,XICLF,,1436.11,3.83,35819,35754,19.9526,,EA,ORB
SKYTERRA 1,2010-061A,37218,PAY,+,US,2010-11-14,TYMSC,,1436.1,5.29,35790,35783,0.003,,EA,ORB
USA 223,2010-063A,37232,PAY,+,US,2010-11-21,AFETR,,1436.11,9.46,35908,35666,,NEA,EA,ORB
HYLAS 1,2010-065A,37237,PAY,+,UK,2010-11-26,FRGUI,,1430.75,5.83,35696,35667,119.9526,,EA,ORB
INTELSAT 17 (IS-17),2010-065B,37238,PAY,+,ITSO,2010-11-26,FRGUI,,1436.1,0.01,35797,35776,6.3096,,EA,ORB
EUTELSAT KA-SAT 9A,2010-069A,37258,PAY,+,EUTE,2010-12-26,TYMSC,,1436.13,0.08,35810,35764,15.8489,,EA,ORB
HISPASAT 30W-5,2010-070A,37264,PAY,+,SPN,2010-12-29,FRGUI,,1436.13,0.02,35811,35763,7.0794,,EA,ORB
KOREASAT 6,2010-070B,37265,PAY,+,SKOR,2010-12-29,FRGUI,,1436.09,0.02,35795,35778,19.9526,,EA,ORB
BEIDOU-2 IGSO-3,2011-013A,37384,PAY,+,PRC,2011-04-09,XICLF,,1436.37,62.5,35948,35636,31.6228,,EA,ORB
INTELSAT 28 (IS-28),2011-016A,37392,PAY,+,ITSO,2011-04-22,FRGUI,,1436.13,2.0,35804,35771,25.1189,,EA,ORB
YAHSAT 1A,2011-016B,37393,PAY,+,UAE,2011-04-22,FRGUI,,1436.07,0.01,35795,35777,31.6228,,EA,ORB
SBIRS GEO-1 (USA 230),2011-019A,37481,PAY,+,US,2011-05-07,AFETR,,1436.09,4.71,35793,35779,19.9526,,EA,ORB
GSAT-8,2011-022A,37605,PAY,+,IND,2011-05-20,FRGUI,,1436.09,2.33,35811,35762,6.3096,,EA,ORB
ST-2,2011-022B,37606,PAY,+,STCT,2011-05-20,FRGUI,,1436.07,0.02,35794,35778,5.6234,,EA,ORB
ZHONGXING-10,2011-026A,37677,PAY,+,PRC,2011-06-20,XICLF,,1436.13,1.24,35800,35775,50.1187,,EA,ORB
SES-3,2011-035A,37748,PAY,+,US,2011-07-15,TYMSC,,1436.1,1.52,35797,35776,19.9526,,EA,ORB
KAZSAT-2,2011-035B,37749,PAY,+,KAZ,2011-07-15,TYMSC,,1436.13,0.02,35794,35780,7.0794,,EA,ORB
ASTRA 1N,2011-041A,37775,PAY,+,SES,2011-08-06,FRGUI,,1436.07,0.07,35808,35764,7.9433,,EA,ORB
BSAT-3C (JCSAT-110R),2011-041B,37776,PAY,B,JPN,2011-08-06,FRGUI,,1436.13,0.06,35788,35786,23.5886,,EA,ORB
SES-2,2011-049A,37809,PAY,+,SES,2011-09-21,FRGUI,,1436.1,0.25,35799,35775,9.3468,,EA,ORB
ARABSAT-5C,2011-049B,37810,PAY,+,AB,2011-09-21,FRGUI,,1436.12,0.05,35803,35771,11.148,,EA,ORB
EUTELSAT 7 WEST A,2011-051A,37816,PAY,+,EUTE,2011-09-24,SEAL,,1436.11,0.07,35812,35761,15.8489,,EA,ORB
QUETZSAT 1,2011-054A,37826,PAY,+,MEX,2011-09-29,TYMSC,,1436.04,0.06,35797,35773,219.4788,,EA,ORB
INTELSAT 18 (IS-18),2011-056A,37834,PAY,+,ITSO,2011-10-05,TYMSC,,1436.08,0.05,35795,35778,37.7529,,EA,ORB
EUTELSAT 16A,2011-057A,37836,PAY,+,EUTE,2011-10-07,XICLF,,1436.09,0.07,35810,35763,7.6593,,EA,ORB
VIASAT-1,2011-059A,37843,PAY,P,US,2011-10-19,TYMSC,,1436.1,0.02,35796,35778,3.9811,,EA,ORB
ASIASAT 7,2011-069A,37933,PAY,+,AC,2011-11-25,TYMSC,,1436.06,0.04,35792,35779,45.0715,,EA,ORB
LUCH-5A,2011-074B,37951,PAY,+,CIS,2011-12-11,TYMSC,,1436.1,8.95,35803,35770,25.1189,,EA,ORB
NIGCOMSAT 1R,2011-077A,38014,PAY,+,NIG,2011-12-19,XICLF,,1436.05,0.02,35797,35775,18.4944,,EA,ORB
WGS F4 (USA 233),2012-003A,38070,PAY,+,US,2012-01-20,AFETR,,1436.14,0.01,35790,35785,15.8583,,EA,ORB
SES-4,2012-007A,38087,PAY,+,SES,2012-02-14,TYMSC,,1436.09,0.02,35797,35776,63.3469,,EA,ORB
BEIDOU-2 G5,2012-008A,38091,PAY,+,PRC,2012-02-24,XICLF,,1436.04,3.76,35813,35759,10.1705,,EA,ORB
INTELSAT 22 (IS-22),2012-011A,38098,PAY,+,ITSO,2012-03-25,TYMSC,,1436.11,0.03,35795,35778,0.003,,EA,ORB
APSTAR-7,2012-013A,38107,PAY,+,PRC,2012-03-31,XICLF,,1436.11,0.03,35803,35771,0.003,,EA,ORB
YAHSAT 1B,2012-016A,38245,PAY,+,UAE,2012-04-23,TYMSC,,1436.12,0.1,35794,35780,10.0,,EA,ORB
AEHF-2 (USA 235),2012-019A,38254,PAY,+,US,2012-05-04,AFETR,,1436.09,6.83,35797,35776,11.32,,EA,ORB
JCSAT-13,2012-023A,38331,PAY,+,JPN,2012-05-15,FRGUI,,1436.12,0.04,35797,35777,39.8107,,EA,ORB
VINASAT-2,2012-023B,38332,PAY,+,VTNM,2012-05-15,FRGUI,,1436.12,0.05,35796,35778,26.482,,EA,ORB
NIMIQ 6,2012-026A,38342,PAY,+,CA,2012-05-17,TYMSC,,1436.11,0.06,35799,35775,14.093,,EA,ORB
ZHONGXING-2A,2012-028A,38352,PAY,+,PRC,2012-05-26,XICLF,,1436.11,1.65,35792,35782,19.9526,,EA,ORB
INTELSAT 19 (IS-19),2012-030A,38356,PAY,+,ITSO,2012-06-01,SEAL,,1436.1,0.02,35799,35774,15.8188,,EA,ORB
USA 236,2012-033A,38466,PAY,+,US,2012-06-20,AFETR,,1436.13,7.81,35809,35765,,NEA,EA,ORB
USA 237,2012-034A,38528,PAY,+,US,2012-06-29,AFETR,,1436.07,7.31,35985,35587,,NEA,EA,ORB
ECHOSTAR 17,2012-035A,38551,PAY,+,US,2012-07-05,FRGUI,,1436.13,0.02,35797,35778,12.5893,,EA,ORB
METEOSAT-10 (MSG-3),2012-035B,38552,PAY,+,EUME,2012-07-05,FRGUI,,1436.14,4.85,35792,35783,4.3946,,EA,ORB
SES-5,2012-036A,38652,PAY,+,SES,2012-07-09,TYMSC,,1436.1,0.05,35796,35778,37.7081,,EA,ORB
INTELSAT 20 (IS-20),2012-043A,38740,PAY,+,ITSO,2012-08-02,FRGUI,,1436.07,0.02,35793,35779,1.2308,,EA,ORB
HYLAS 2,2012-043B,38741,PAY,+,UK,2012-08-02,FRGUI,,1432.49,2.62,35730,35702,5.0119,,EA,ORB
INTELSAT 21 (IS-21),2012-045A,38749,PAY,+,ITSO,2012-08-19,SEAL,,1436.13,0.04,35798,35777,52.4,,EA,ORB
ASTRA 2F,2012-051A,38778,PAY,+,SES,2012-09-28,FRGUI,,1436.04,0.09,35804,35767,17.601,,EA,ORB
GSAT-10,2012-051B,38779,PAY,+,IND,2012-09-28,FRGUI,,1436.12,0.08,35811,35763,13.8482,,EA,ORB
INTELSAT 23 (IS-23),2012-057A,38867,PAY,+,ITSO,2012-10-14,TYMSC,,1436.15,0.04,35795,35780,113.2145,,EA,ORB
BEIDOU-2 G6,2012-059A,38953,PAY,+,PRC,2012-10-25,XICLF,,1436.09,4.61,35816,35757,2.5119,,EA,ORB
LUCH-5B,2012-061A,38977,PAY,+,CIS,2012-11-02,TYMSC,,1436.12,10.65,35812,35762,251.1897,,EA,ORB
YAMAL 300K,2012-061B,38978,PAY,+,CIS,2012-11-02,TYMSC,,1436.1,0.01,35789,35785,17.7827,,EA,ORB
STAR ONE C3,2012-062A,38991,PAY,+,BRAZ,2012-11-10,FRGUI,,1436.12,0.02,35796,35778,113.2145,,EA,ORB
EUTELSAT 21B,2012-062B,38992,PAY,+,EUTE,2012-11-10,FRGUI,,1436.09,0.07,35799,35774,5.1523,,EA,ORB
ECHOSTAR 16,2012-065A,39008,PAY,+,US,2012-11-20,TYMSC,,1436.1,0.02,35796,35778,3.7932,,EA,ORB
ZHONGXING-12,2012-067A,39017,PAY,+,PRC,2012-11-27,XICLF,,1436.12,0.01,35798,35776,63.0957,,EA,ORB
EUTELSAT 70B,2012-069A,39020,PAY,+,EUTE,2012-12-03,SEAL,,1436.1,0.06,35802,35771,22.5893,,EA,ORB
YAMAL 402,2012-070A,39022,PAY,+,CIS,2012-12-08,TYMSC,,1436.08,1.46,35801,35771,39.8107,,EA,ORB
SKYNET 5D,2012-075A,39034,PAY,+,UK,2012-12-19,FRGUI,,1436.06,0.07,35802,35770,5.6742,,EA,ORB
MEXSAT 3,2012-075B,39035,PAY,+,MEX,2012-12-19,FRGUI,,1436.03,,35793,35777,79.4454,,EA,ORB
TDRS 11,2013-004A,39070,PAY,+,US,2013-01-31,AFETR,,1436.2,3.64,35807,35771,25.1189,,EA,ORB
AMAZONAS 3,2013-006A,39078,PAY,+,SPN,2013-02-07,FRGUI,,1436.12,0.05,35809,35765,318.7396,,EA,ORB
AZERSPACE 1,2013-006B,39079,PAY,+,AZER,2013-02-07,FRGUI,,1436.07,0.03,35793,35779,50.1187,,EA,ORB
SBIRS GEO-2 (USA 241),2013-011A,39120,PAY,+,US,2013-03-19,AFETR,,1444.69,4.66,35961,35948,13.5893,,EA,ORB
EUTELSAT 117 WEST A,2013-012A,39122,PAY,+,EUTE,2013-03-26,TYMSC,,1436.11,0.06,35799,35775,423.226,,EA,ORB
ANIK G1,2013-014A,39127,PAY,+,CA,2013-04-15,TYMSC,,1436.1,0.05,35798,35775,212.1155,,EA,ORB
ZHONGXING-11,2013-020A,39157,PAY,+,PRC,2013-05-01,XICLF,,1436.09,0.02,35792,35780,25.1189,,EA,ORB
EUTELSAT 7B,2013-022A,39163,PAY,+,EUTE,2013-05-14,TYMSC,,1433.52,0.08,35746,35727,64.9296,,EA,ORB
WGS F5 (USA 243),2013-024A,39168,PAY,+,US,2013-05-25,AFETR,,1436.14,0.02,35790,35785,17.9433,,EA,ORB
SES-6,2013-026A,39172,PAY,+,SES,2013-06-03,TYMSC,,1436.1,0.04,35795,35778,79.6214,,EA,ORB
IRNSS-1A,2013-034A,39199,PAY,P,IND,2013-07-01,SRILR,,1436.1,35.89,35870,35703,3.4785,,EA,ORB
ALPHASAT,2013-038A,39215,PAY,+,IM,2013-07-25,FRGUI,,1436.12,3.0,35802,35772,16.3096,,EA,ORB
INSAT-3D,2013-038B,39216,PAY,+,IND,2013-07-25,FRGUI,,1436.11,2.12,35793,35781,22.1585,,EA,ORB
WGS F6 (USA 244),2013-041A,39222,PAY,+,US,2013-08-08,AFETR,,1436.11,0.02,35789,35785,35.8016,,EA,ORB
ES'HAIL 1,2013-044A,39233,PAY,+,AB,2013-08-29,FRGUI,,1436.09,0.05,35796,35777,12.5119,,EA,ORB
GSAT-7,2013-044B,39234,PAY,+,IND,2013-08-29,FRGUI,,1436.11,0.28,35808,35766,14.285,,EA,ORB
AMOS-4,2013-045A,39237,PAY,+,ISRA,2013-08-31,TYMSC,,1436.09,0.03,35793,35780,7.9433,,EA,ORB
ASTRA 2E,2013-056A,39285,PAY,+,SES,2013-09-29,TYMSC,,1436.08,0.09,35796,35777,7.7968,,EA,ORB
FM-6,2013-058A,39360,PAY,+,US,2013-10-25,TYMSC,,1436.1,0.01,35793,35780,11.3214,,EA,ORB
RADUGA-1M 3,2013-062A,39375,PAY,+,CIS,2013-11-11,TYMSC,,1436.09,6.15,35795,35778,63.0957,,EA,ORB
SES-8,2013-071A,39460,PAY,+,SES,2013-12-03,AFETR,,1436.1,0.05,35796,35777,53.3274,,EA,ORB
INMARSAT 5-F1,2013-073A,39476,PAY,+,IM,2013-12-08,TYMSC,,1436.11,,35788,35785,7.1723,,EA,ORB
TKSAT-1 (TUPAC KATARI),2013-075A,39481,PAY,+,BOL,2013-12-20,XICLF,,1436.12,0.05,35796,35778,40.9678,,EA,ORB
EXPRESS-AM5,2013-077A,39487,PAY,+,CIS,2013-12-26,TYMSC,,1436.1,0.04,35793,35780,50.1187,,EA,ORB
GSAT-14,2014-001A,39498,PAY,+,IND,2014-01-05,SRILR,,1436.09,0.04,35807,35765,4.829,,EA,ORB
THAICOM 6,2014-002A,39500,PAY,+,THAI,2014-01-06,AFETR,,1436.14,0.03,35805,35770,12.5893,,EA,ORB
TDRS 12,2014-004A,39504,PAY,+,US,2014-01-24,AFETR,,1436.08,4.06,35813,35760,7.9433,,EA,ORB
ABS-2,2014-006A,39508,PAY,P,ABS,2014-02-06,FRGUI,,1436.11,0.05,35800,35773,0.3533,,EA,ORB
ATHENA-FIDUS,2014-006B,39509,PAY,+,FRIT,2014-02-06,FRGUI,,1436.07,0.01,35793,35779,3.9811,,EA,ORB
TURKSAT 4A,2014-007A,39522,PAY,+,TURK,2014-02-14,TYMSC,,1436.1,0.08,35802,35772,7.7719,,EA,ORB
EXPRESS-AT1,2014-010A,39612,PAY,P,CIS,2014-03-15,TYMSC,,1435.48,0.45,35796,35754,3.619,,EA,ORB
EXPRESS-AT2,2014-010B,39613,PAY,+,CIS,2014-03-15,TYMSC,,1436.11,0.02,35789,35785,47.4717,,EA,ORB
AMAZONAS 4A,2014-011A,39616,PAY,P,SPN,2014-03-22,FRGUI,,1436.11,0.06,35813,35760,163.5012,,EA,ORB
ASTRA 5B,2014-011B,39617,PAY,+,SES,2014-03-22,FRGUI,,1436.1,0.09,35798,35775,21.6238,,EA,ORB
IRNSS-1B,2014-017A,39635,PAY,+,IND,2014-04-04,SRILR,,1435.99,28.8,35872,35697,6.3096,,EA,ORB
USA 250,2014-020A,39652,PAY,+,US,2014-04-10,AFETR,,1436.1,5.2,35802,35771,,NEA,EA,ORB
LUCH-5V,2014-023A,39727,PAY,+,CIS,2014-04-28,TYMSC,,1436.06,5.32,35797,35775,22.5893,,EA,ORB
KAZSAT-3,2014-023B,39728,PAY,+,KAZ,2014-04-28,TYMSC,,1436.09,0.02,35789,35784,0.003,,EA,ORB
USA 252,2014-027A,39751,PAY,+,US,2014-05-22,AFETR,,1436.1,5.81,35796,35778,,NEA,EA,ORB
EUTELSAT 3B,2014-030A,39773,PAY,+,EUTE,2014-05-26,SEAL,,1436.1,0.06,35805,35769,79.4381,,EA,ORB
ASIASAT 8 (AMOS-7),2014-046A,40107,PAY,+,AC,2014-08-05,AFETR,,1436.08,0.04,35793,35779,44.8232,,EA,ORB
ASIASAT 6,2014-052A,40141,PAY,+,AC,2014-09-07,AFETR,,1436.12,0.06,35791,35784,56.4283,,EA,ORB
OPTUS 10,2014-054A,40146,PAY,+,AUS,2014-09-11,FRGUI,,1436.11,0.12,35795,35778,51.5754,,EA,ORB
MEASAT-3B,2014-054B,40147,PAY,+,MALA,2014-09-11,FRGUI,,1436.09,0.04,35792,35781,65.6076,,EA,ORB
USA 257 (CLIO),2014-055A,40208,PAY,+,US,2014-09-17,AFETR,,1435.99,0.13,35858,35710,,NEA,EA,ORB
HIMAWARI-8,2014-060A,40267,PAY,+,JPN,2014-10-07,TANSC,,1436.15,0.04,35795,35780,35.8016,,EA,ORB
IRNSS-1C,2014-061A,40269,PAY,P,IND,2014-10-15,SRILR,,1436.08,6.71,35873,35700,0.003,,EA,ORB
INTELSAT 30 (IS-30),2014-062A,40271,PAY,+,ITSO,2014-10-16,FRGUI,,1436.11,0.02,35793,35781,316.3552,,EA,ORB
ARSAT 1,2014-062B,40272,PAY,+,ARGN,2014-10-16,FRGUI,,1436.12,0.02,35794,35780,85.7424,,EA,ORB
EUTELSAT 53A,2014-064A,40277,PAY,+,EUTE,2014-10-21,TYMSC,,1436.12,0.02,35795,35779,22.5893,,EA,ORB
GSAT-16,2014-078A,40332,PAY,+,IND,2014-12-06,FRGUI,,1436.09,0.05,35811,35762,63.2456,,EA,ORB
DIRECTV 14,2014-078B,40333,PAY,+,US,2014-12-06,FRGUI,,1436.12,0.02,35789,35785,34.1347,,EA,ORB
YAMAL 401,2014-082A,40345,PAY,+,CIS,2014-12-15,TYMSC,,1436.08,0.02,35789,35784,59.7633,,EA,ORB
ASTRA 2G,2014-089A,40364,PAY,+,SES,2014-12-27,TYMSC,,1436.09,0.05,35797,35776,0.003,,EA,ORB
FENGYUN 2G,2014-090A,40367,PAY,+,PRC,2014-12-31,XICLF,,1436.0,5.83,35802,35768,23.1149,,EA,ORB
INMARSAT 5-F2,2015-005A,40384,PAY,+,IM,2015-02-01,TYMSC,,1436.13,0.02,35792,35783,16.5703,,EA,ORB
ABS-3A,2015-010A,40424,PAY,+,ABS,2015-03-02,AFETR,,1436.09,0.01,35795,35778,6.019,,EA,ORB
EUTELSAT 115 WEST B,2015-010B,40425,PAY,+,EUTE,2015-03-02,AFETR,,1436.11,,35789,35785,5.4794,,EA,ORB
EXPRESS-AM7,2015-012A,40505,PAY,+,CIS,2015-03-18,TYMSC,,1436.04,0.02,35799,35772,12.9055,,EA,ORB
BEIDOU-3S IGSO-1S,2015-019A,40549,PAY,S,PRC,2015-03-30,XICLF,,1435.82,49.05,35946,35616,11.7883,,EA,ORB
THOR 7,2015-022A,40613,PAY,+,NOR,2015-04-26,FRGUI,,1436.11,0.02,35797,35776,70.0714,,EA,ORB
TURKMENALEM52E/MONACOSAT,2015-023A,40617,PAY,+,TMMC,2015-04-27,AFETR,,1436.06,0.02,35798,35773,8.9433,,EA,ORB
DIRECTV 15,2015-026A,40663,PAY,+,US,2015-05-27,FRGUI,,1436.1,0.02,35788,35785,42.7129,,EA,ORB
SKY MEXICO-1,2015-026B,40664,PAY,+,MEX,2015-05-27,FRGUI,,1436.09,0.02,35798,35775,75.685,,EA,ORB
METEOSAT-11 (MSG-4),2015-034A,40732,PAY,+,EUME,2015-07-15,FRGUI,,1436.13,3.39,35790,35784,4.001,,EA,ORB
STAR ONE C4,2015-034B,40733,PAY,+,BRAZ,2015-07-15,FRGUI,,1436.12,0.04,35792,35783,23.3101,,EA,ORB
WGS F7 (USA 263),2015-036A,40746,PAY,+,US,2015-07-24,AFETR,,1436.11,0.02,35787,35787,7.2473,,EA,ORB
INTELSAT 34 (IS-34),2015-039A,40874,PAY,+,ITSO,2015-08-20,FRGUI,,1436.15,0.01,35789,35786,16.5703,,EA,ORB
EUTELSAT 8 WEST B,2015-039B,40875,PAY,+,EUTE,2015-08-20,FRGUI,,1436.08,0.07,35801,35771,7.4159,,EA,ORB
GSAT-6,2015-041A,40880,PAY,+,IND,2015-08-27,SRILR,,1436.11,2.12,35800,35774,2.0,,EA,ORB
INMARSAT 5-F3,2015-042A,40882,PAY,+,IM,2015-08-28,TYMSC,,1436.15,0.02,35788,35787,49.8107,,EA,ORB
TJS-1,2015-046A,40892,PAY,+,PRC,2015-09-12,XICLF,,1436.13,0.52,35804,35771,65.167,,EA,ORB
EXPRESS-AM8,2015-048A,40895,PAY,+,CIS,2015-09-14,TYMSC,,1436.1,0.02,35787,35786,44.8226,,EA,ORB
SKY MUSTER 1 (NBN1A),2015-054A,40940,PAY,+,AUS,2015-09-30,FRGUI,,1436.12,0.02,35794,35780,51.5754,,EA,ORB
ARSAT 2,2015-054B,40941,PAY,+,ARGN,2015-09-30,FRGUI,,1436.11,0.02,35795,35779,81.4064,,EA,ORB
MORELOS 3,2015-056A,40946,PAY,+,MEX,2015-10-02,AFETR,,1436.1,3.26,35798,35775,25.0379,,EA,ORB
APSTAR-9,2015-059A,40982,PAY,+,PRC,2015-10-16,XICLF,,1436.14,0.01,35798,35776,88.2146,,EA,ORB
TURKSAT 4B,2015-060A,40984,PAY,+,TURK,2015-10-16,TYMSC,,1436.12,0.01,35796,35778,,,EA,ORB
ZHONGXING-2C,2015-063A,41021,PAY,+,PRC,2015-11-03,XICLF,,1436.14,0.47,35830,35745,75.4609,,EA,ORB
GSAT-15,2015-065A,41028,PAY,+,IND,2015-11-10,FRGUI,,1436.09,0.07,35795,35778,44.212,,EA,ORB
BADR-7 (ARABSAT-6B),2015-065B,41029,PAY,+,AB,2015-11-10,FRGUI,,1436.1,0.03,35814,35759,78.9705,,EA,ORB
LAOSAT 1,2015-067A,41034,PAY,+,LAOS,2015-11-20,XICLF,,1436.11,0.05,35796,35778,56.7416,,EA,ORB
TELSTAR 12V,2015-068A,41036,PAY,+,CA,2015-11-24,TANSC,,1436.1,0.02,35797,35777,29.9526,,EA,ORB
ELEKTRO-L 2,2015-074A,41105,PAY,+,CIS,2015-12-11,TYMSC,,1436.12,6.88,35795,35779,0.003,,EA,ORB
COSMOS 2513,2015-075A,41121,PAY,+,CIS,2015-12-13,TYMSC,,1436.09,0.04,35791,35782,3.362,,EA,ORB
EXPRESS-AMU1,2015-082A,41191,PAY,+,CIS,2015-12-24,TYMSC,,1436.11,0.02,35797,35777,19.255,,EA,ORB
GAOFEN-4,2015-083A,41194,PAY,+,PRC,2015-12-28,XICLF,,1436.12,0.55,35804,35770,22.1298,,EA,ORB
BELINTERSAT-1,2016-001A,41238,PAY,+,BELA,2016-01-15,XICLF,,1436.07,0.01,35791,35782,35.8016,,EA,ORB
IRNSS-1E,2016-003A,41241,PAY,P,IND,2016-01-20,SRILR,,1436.16,33.4,35878,35698,9.9385,,EA,ORB
EUTELSAT 9B,2016-005A,41310,PAY,+,EUTE,2016-01-29,TYMSC,,1436.11,0.03,35797,35777,39.9052,,EA,ORB
SES-9,2016-013A,41380,PAY,+,SES,2016-03-04,AFETR,,1436.11,0.01,35795,35779,20.5325,,EA,ORB
EUTELSAT 65 WEST A,2016-014A,41382,PAY,+,EUTE,2016-03-09,FRGUI,,1436.11,0.07,35797,35777,47.7519,,EA,ORB
IRNSS-1F,2016-015A,41384,PAY,P,IND,2016-03-10,SRILR,,1436.12,5.54,35870,35704,0.003,,EA,ORB
IRNSS-1G,2016-027A,41469,PAY,P,IND,2016-04-28,SRILR,,1436.11,5.38,35804,35770,8.5592,,EA,ORB
JCSAT-2B,2016-028A,41471,PAY,+,JPN,2016-05-06,AFETR,,1436.1,0.02,35790,35783,9.8591,,EA,ORB
THAICOM 8,2016-031A,41552,PAY,+,THAI,2016-05-27,AFETR,,1436.08,0.07,35792,35781,8.0064,,EA,ORB
INTELSAT 31 (IS-31),2016-035A,41581,PAY,+,ITSO,2016-06-09,TYMSC,,1436.13,0.03,35795,35780,7.8945,,EA,ORB
BEIDOU-2 G7,2016-037A,41586,PAY,+,PRC,2016-06-12,XICLF,,1436.13,1.91,35807,35767,19.0112,,EA,ORB
ABS-2A (MONGOLSAT-1),2016-038A,41588,PAY,+,ABS,2016-06-15,AFETR,,1436.14,0.02,35794,35781,11.9244,,EA,ORB
EUTELSAT 117 WEST B,2016-038B,41589,PAY,+,EUTE,2016-06-15,AFETR,,1436.09,0.01,35787,35786,0.0794,,EA,ORB
BRISAT,2016-039A,41591,PAY,+,INDO,2016-06-18,FRGUI,,1436.11,0.02,35796,35778,9.4719,,EA,ORB
ECHOSTAR 18,2016-039B,41592,PAY,+,US,2016-06-18,FRGUI,,1436.13,0.02,35793,35781,37.7081,,EA,ORB
USA 269,2016-047A,41724,PAY,+,US,2016-07-28,AFETR,,1436.1,3.93,35794,35779,,NEA,EA,ORB
TIANTONG-1 1,2016-048A,41725,PAY,+,PRC,2016-08-05,XICLF,,1436.1,4.0,35798,35775,27.8959,,EA,ORB
JCSAT-16,2016-050A,41729,PAY,+,JPN,2016-08-14,AFETR,,1436.1,0.02,35791,35782,18.8988,,EA,ORB
USA 271,2016-052B,41745,PAY,+,US,2016-08-19,AFETR,,1442.4,4.19,35918,35901,,,EA,ORB
INTELSAT 36 (IS-36),2016-053A,41747,PAY,+,ITSO,2016-08-24,FRGUI,,1436.11,0.01,35794,35779,6.493,,EA,ORB
INSAT-3DR,2016-054A,41752,PAY,+,IND,2016-09-08,SRILR,,1436.1,0.09,35836,35738,8.2903,,EA,ORB
GSAT-18,2016-060A,41793,PAY,+,IND,2016-10-05,FRGUI,,1436.11,0.07,35801,35773,0.003,,EA,ORB
SKY MUSTER 2 (NBN1B),2016-060B,41794,PAY,+,AUS,2016-10-05,FRGUI,,1436.1,0.01,35794,35780,0.003,,EA,ORB
HIMAWARI-9,2016-064A,41836,PAY,+,JPN,2016-11-02,TANSC,,1436.16,0.02,35799,35777,38.791,,EA,ORB
SHIJIAN-17 (SJ-17),2016-065A,41838,PAY,P,PRC,2016-11-03,WSC,,1441.99,5.95,35909,35894,19.83,,EA,ORB
GOES 16,2016-071A,41866,PAY,+,US,2016-11-19,AFETR,,1436.09,0.53,35794,35779,13.1623,,EA,ORB
TIANLIAN 1-04,2016-072A,41869,PAY,+,PRC,2016-11-22,XICLF,,1436.14,1.06,35985,35590,21.9479,,EA,ORB
WGS F8 (USA 272),2016-075A,41879,PAY,+,US,2016-12-07,AFETR,,1436.11,0.02,35787,35787,,,EA,ORB
FENGYUN 4A,2016-077A,41882,PAY,+,PRC,2016-12-10,XICLF,,1436.18,2.51,35823,35754,22.5893,,EA,ORB
ECHOSTAR 19,2016-079A,41893,PAY,+,US,2016-12-18,AFETR,,1436.11,0.01,35793,35781,7.191,,EA,ORB
JCSAT-110A (JCSAT-15),2016-082A,41903,PAY,+,JPN,2016-12-21,FRGUI,,1436.13,0.02,35790,35784,71.039,,EA,ORB
STAR ONE D1,2016-082B,41904,PAY,+,BRAZ,2016-12-21,FRGUI,,1436.08,0.01,35797,35776,0.003,,EA,ORB
TJS-2,2017-001A,41911,PAY,+,PRC,2017-01-05,XICLF,,1436.09,1.03,35794,35779,43.7918,,EA,ORB
SBIRS GEO-4 (USA 273),2017-004A,41937,PAY,+,US,2017-01-21,AFETR,,1444.7,2.4,35964,35945,,,EA,ORB
HISPASAT 36W-1,2017-006A,41942,PAY,+,SPN,2017-01-28,FRGUI,,1436.1,0.04,35791,35782,3.1648,,EA,ORB
TELKOM 3S,2017-007A,41944,PAY,+,INDO,2017-02-14,FRGUI,,1436.13,0.01,35797,35777,10.8657,,EA,ORB
INTELSAT 32E (IS-32E),2017-007B,41945,PAY,+,ITSO,2017-02-14,FRGUI,,1436.13,0.02,35789,35786,14.7367,,EA,ORB
ECHOSTAR 23,2017-014A,42070,PAY,+,US,2017-03-16,AFETR,,1436.11,0.02,35795,35779,13.1623,,EA,ORB
WGS F9 (USA 275),2017-016A,42075,PAY,+,US,2017-03-19,AFETR,,1436.12,0.02,35788,35786,,,EA,ORB
SES-10,2017-017A,42432,PAY,+,SES,2017-03-30,AFETR,,1436.11,0.01,35798,35775,6.493,,EA,ORB
CHINASAT 16 (SJ-13),2017-018A,42662,PAY,+,PRC,2017-04-12,XICLF,,1436.11,0.07,35817,35757,12.3708,,EA,ORB
KOREASAT 7,2017-023A,42691,PAY,+,SKOR,2017-05-04,FRGUI,,1436.12,0.03,35791,35783,,,EA,ORB
SGDC,2017-023B,42692,PAY,+,BRAZ,2017-05-04,FRGUI,,1436.12,0.02,35797,35778,,,EA,ORB
GSAT-9,2017-024A,42695,PAY,+,IND,2017-05-05,SRILR,,1436.09,0.01,35798,35775,,,EA,ORB
INMARSAT 5-F4,2017-025A,42698,PAY,+,IM,2017-05-15,AFETR,,1436.1,0.02,35789,35784,,,EA,ORB
SES-15,2017-026A,42709,PAY,+,SES,2017-05-18,FRGUI,,1436.13,0.05,35789,35786,,,EA,ORB
VIASAT-2,2017-029A,42740,PAY,+,US,2017-06-01,FRGUI,,1436.13,0.03,35789,35786,,,EA,ORB
EUTELSAT 172B,2017-029B,42741,PAY,+,EUTE,2017-06-01,FRGUI,,1436.11,0.03,35788,35786,,,EA,ORB
GSAT-19,2017-031A,42747,PAY,+,IND,2017-06-05,SRILR,,1436.08,0.01,35803,35770,,,EA,ORB
ECHOSTAR 21,2017-032A,42749,PAY,+,US,2017-06-08,TYMSC,,1436.09,1.78,35797,35776,,,EA,ORB
BULGARIASAT-1,2017-038A,42801,PAY,+,BUL,2017-06-23,AFETR,,1435.89,0.05,35800,35765,,,EA,ORB
HELLAS-SAT 3,2017-040A,42814,PAY,+,GREC,2017-06-28,FRGUI,,1436.15,0.05,35797,35778,,,EA,ORB
GSAT-17,2017-040B,42815,PAY,+,IND,2017-06-28,FRGUI,,1436.12,0.04,35803,35771,,,EA,ORB
INTELSAT 35E (IS-35E),2017-041A,42818,PAY,+,ITSO,2017-07-05,AFETR,,1436.14,0.02,35797,35778,,,EA,ORB
COSMOS 2520,2017-046A,42907,PAY,+,CIS,2017-08-16,TYMSC,,1436.08,0.03,35787,35785,,,EA,ORB
TDRS 13,2017-047A,42915,PAY,+,US,2017-08-18,AFETR,,1436.11,3.48,35845,35728,,,EA,ORB
QZS-3 (MICHIBIKI-3),2017-048A,42917,PAY,+,JPN,2017-08-19,TANSC,,1436.16,0.05,35797,35779,,,EA,ORB
AMAZONAS 5,2017-053A,42934,PAY,+,SPN,2017-09-11,TYMSC,,1436.14,0.01,35795,35780,,,EA,ORB
ASIASAT 9,2017-057A,42942,PAY,+,AC,2017-09-28,TYMSC,,1436.11,0.01,35796,35777,,,EA,ORB
USA 279,2017-066A,42949,PAY,+,US,2017-10-15,AFETR,,1436.07,3.28,35794,35778,,NEA,EA,ORB
INTELSAT 37E (IS-37E),2017-059A,42950,PAY,+,ITSO,2017-09-29,FRGUI,,1436.11,0.02,35801,35772,,,EA,ORB
BSAT-4A,2017-059B,42951,PAY,+,JPN,2017-09-29,FRGUI,,1436.11,0.05,35794,35779,,,EA,ORB
SES-11 (ECHOSTAR 105),2017-063A,42967,PAY,+,SES,2017-10-11,AFETR,,1436.1,0.02,35797,35776,,,EA,ORB
KOREASAT 5A,2017-067A,42984,PAY,+,SKOR,2017-10-30,AFETR,,1436.14,0.02,35792,35783,,,EA,ORB
ALCOMSAT 1,2017-078A,43039,PAY,+,ALG,2017-12-10,XICLF,,1436.09,0.02,35795,35777,,,EA,ORB
SBIRS GEO-3 (USA 282),2018-009A,43162,PAY,+,US,2018-01-20,AFETR,,1436.09,2.25,35795,35778,,,EA,ORB
AL YAH 3,2018-012A,43174,PAY,+,UAE,2018-01-25,FRGUI,,1436.1,1.75,35801,35772,,,EA,ORB
SES-14,2018-012B,43175,PAY,+,SES,2018-01-25,FRGUI,,1436.12,0.02,35792,35782,,,EA,ORB
GOES 17,2018-022A,43226,PAY,B,US,2018-03-01,AFETR,,1436.13,1.13,35792,35782,,,EA,ORB
HISPASAT 30W-6,2018-023A,43228,PAY,+,SPN,2018-03-06,AFETR,,1436.11,0.04,35802,35772,,,EA,ORB
SUPERBIRD-B3,2018-033A,43271,PAY,+,JPN,2018-04-05,FRGUI,,1436.1,0.01,35793,35781,,,EA,ORB
HYLAS 4,2018-033B,43272,PAY,+,UK,2018-04-05,FRGUI,,1436.12,0.07,35792,35782,,,EA,ORB
IRNSS-1I,2018-035A,43286,PAY,+,IND,2018-04-11,SRILR,,1435.99,28.93,35868,35701,,,EA,ORB
USA 283,2018-036A,43339,PAY,+,US,2018-04-14,AFETR,,1436.12,0.02,35788,35786,,,EA,ORB
COSMOS 2526,2018-037A,43432,PAY,+,CIS,2018-04-18,TYMSC,,1436.1,0.01,35790,35783,,,EA,ORB
APSTAR-6C,2018-041A,43450,PAY,+,PRC,2018-05-03,XICLF,,1436.11,0.04,35795,35779,,,EA,ORB
BANGABANDHUSAT-1,2018-044A,43463,PAY,+,BGD,2018-05-11,AFETR,,1436.13,0.01,35799,35776,,,EA,ORB
SES-12,2018-049A,43488,PAY,+,SES,2018-06-04,AFETR,,1436.1,0.02,35795,35779,,,EA,ORB
FENGYUN 2H,2018-050A,43491,PAY,+,PRC,2018-06-05,XICLF,,1436.08,3.22,35798,35775,,,EA,ORB
TELSTAR 19V,2018-059A,43562,PAY,+,CA,2018-07-22,AFETR,,1436.13,0.01,35799,35775,,,EA,ORB
TELKOM 4 (MERAH PUTIH),2018-064A,43587,PAY,+,INDO,2018-08-07,AFETR,,1436.13,0.01,35795,35780,,,EA,ORB
TELSTAR 18V,2018-069A,43611,PAY,+,CA,2018-09-10,AFETR,,1436.11,0.03,35795,35779,,,EA,ORB
AZERSPACE 2 (IS-38),2018-074A,43632,PAY,+,AZER,2018-09-25,FRGUI,,1436.09,0.02,35793,35780,,,EA,ORB
HORIZONS-3E,2018-074B,43633,PAY,+,ITSO,2018-09-25,FRGUI,,1436.09,0.01,35790,35783,,,EA,ORB
BEIDOU-3 G1,2018-085A,43683,PAY,+,PRC,2018-11-01,XICLF,,1436.09,2.59,35813,35760,,,EA,ORB
GSAT-29,2018-089A,43698,PAY,+,IND,2018-11-14,SRILR,,1436.1,0.08,35794,35780,,,EA,ORB
ES'HAIL 2,2018-090A,43700,PAY,+,AB,2018-11-15,AFETR,,1436.08,0.02,35797,35775,,,EA,ORB
GEO-KOMPSAT-2A,2018-100A,43823,PAY,+,SKOR,2018-12-04,FRGUI,,1436.13,0.02,35795,35780,,,EA,ORB
GSAT-11,2018-100B,43824,PAY,+,IND,2018-12-04,FRGUI,,1436.09,0.11,35815,35758,,,EA,ORB
GSAT-7A,2018-105A,43864,PAY,+,IND,2018-12-19,SRILR,,1436.11,0.02,35795,35779,,,EA,ORB
COSMOS 2533,2018-107A,43867,PAY,+,CIS,2018-12-21,TYMSC,,1436.08,0.01,35787,35786,,,EA,ORB
TJS-3,2018-110A,43874,PAY,+,PRC,2018-12-24,XICLF,,1433.53,2.74,35753,35719,,,EA,ORB
ZHONGXING-2D,2019-001A,43920,PAY,+,PRC,2019-01-10,XICLF,,1436.12,0.06,35793,35781,,,EA,ORB
HELLAS-SAT 4 & SGS-1,2019-007A,44034,PAY,+,GRSA,2019-02-05,FRGUI,,1436.13,0.06,35813,35761,,,EA,ORB
GSAT-31,2019-007B,44035,PAY,+,IND,2019-02-05,FRGUI,,1436.09,0.04,35802,35771,,,EA,ORB
NUSANTARA SATU,2019-009A,44048,PAY,+,INDO,2019-02-22,AFETR,,1436.1,0.02,35807,35767,,,EA,ORB
ZHONGXING-6C,2019-012A,44067,PAY,P,PRC,2019-03-09,XICLF,,1436.07,0.03,35845,35727,,,EA,ORB
WGS 10 (USA 291),2019-014A,44071,PAY,+,US,2019-03-16,AFETR,,1436.11,0.01,35789,35785,,,EA,ORB
TIANLIAN 2-01,2019-017A,44076,PAY,+,PRC,2019-03-31,XICLF,,1436.11,0.73,35800,35774,,,EA,ORB
ARABSAT-6A,2019-021A,44186,PAY,+,AB,2019-04-11,AFETR,,1436.23,0.06,35813,35766,,,EA,ORB
BEIDOU-3 IGSO-1,2019-023A,44204,PAY,+,PRC,2019-04-20,XICLF,,1436.11,58.8,35901,35673,,,EA,ORB
BEIDOU-2 G8,2019-027A,44231,PAY,+,PRC,2019-05-17,XICLF,,1436.05,1.85,35823,35748,,,EA,ORB
YAMAL 601,2019-031A,44307,PAY,+,CIS,2019-05-30,TYMSC,,1436.08,0.01,35796,35777,,,EA,ORB
AT&T T-16,2019-034A,44333,PAY,+,US,2019-06-20,FRGUI,,1436.09,0.01,35788,35785,,,EA,ORB
EUTELSAT 7C,2019-034B,44334,PAY,+,EUTE,2019-06-20,FRGUI,,1436.12,0.07,35800,35774,,,EA,ORB
BEIDOU-3 IGSO-2,2019-035A,44337,PAY,+,PRC,2019-06-24,XICLF,,1436.01,55.25,35949,35621,,,EA,ORB
COSMOS 2539,2019-048A,44457,PAY,+,CIS,2019-08-05,TYMSC,,1436.1,0.01,35788,35786,,,EA,ORB
EDRS-C,2019-049A,44475,PAY,+,ESA,2019-08-06,FRGUI,,1436.11,0.02,35791,35782,,,EA,ORB
INTELSAT 39 (IS-39),2019-049B,44476,PAY,+,ITSO,2019-08-06,FRGUI,,1436.12,0.02,35787,35787,,,EA,ORB
AMOS-17,2019-050A,44479,PAY,+,ISRA,2019-08-06,AFETR,,1436.1,0.04,35793,35780,,,EA,ORB
EUTELSAT 5 WEST B,2019-067A,44624,PAY,P,EUTE,2019-10-09,TYMSC,,1436.1,0.1,35800,35773,,,EA,ORB
MEV-1,2019-067B,44625,PAY,+,US,2019-10-09,TYMSC,,1436.11,0.85,35804,35769,,,EA,ORB
TJS-4,2019-070A,44637,PAY,+,PRC,2019-10-17,XICLF,,1436.12,0.02,35799,35775,,,EA,ORB
BEIDOU-3 IGSO-3,2019-073A,44709,PAY,+,PRC,2019-11-04,XICLF,,1436.16,54.67,35985,35590,,,EA,ORB
TIBA-1,2019-080A,44800,PAY,+,EGYP,2019-11-26,FRGUI,,1436.05,0.06,35796,35775,,,EA,ORB
INMARSAT GX5,2019-080B,44801,PAY,+,IM,2019-11-26,FRGUI,,1436.1,0.05,35795,35779,,,EA,ORB
JCSAT-18 (KACIFIC 1),2019-091A,44868,PAY,+,JPN,2019-12-17,AFETR,,1436.11,0.05,35789,35785,,,EA,ORB
ELEKTRO-L 3,2019-095A,44903,PAY,+,CIS,2019-12-24,TYMSC,,1436.11,0.45,35793,35781,,,EA,ORB
SHIJIAN-20 (SJ-20),2019-097A,44910,PAY,+,PRC,2019-12-27,WSC,,1436.16,5.11,35798,35778,,,EA,ORB
TJS-5,2020-002A,44978,PAY,+,PRC,2020-01-07,XICLF,,1436.12,0.19,35818,35756,,,EA,ORB
GSAT-30,2020-005A,45026,PAY,+,IND,2020-01-16,FRGUI,,1436.11,0.02,35795,35779,,,EA,ORB
EUTELSAT KONNECT,2020-005B,45027,PAY,+,EUTE,2020-01-16,FRGUI,,1436.05,0.06,35794,35777,,,EA,ORB
JCSAT-17,2020-013A,45245,PAY,+,JPN,2020-02-18,FRGUI,,1436.09,5.4,35805,35768,,,EA,ORB
GEO-KOMPSAT-2B,2020-013B,45246,PAY,+,SKOR,2020-02-18,FRGUI,,1436.11,0.05,35793,35780,,,EA,ORB
BEIDOU-3 G2,2020-017A,45344,PAY,+,PRC,2020-03-09,XICLF,,1436.11,2.56,35796,35777,,,EA,ORB
AEHF-6 (USA 298),2020-022B,45465,PAY,+,US,2020-03-26,AFETR,,1436.07,2.39,35964,35608,,,EA,ORB
BEIDOU-3 G3,2020-040A,45807,PAY,+,PRC,2020-06-23,XICLF,,1436.06,2.63,35796,35775,,,EA,ORB
APSTAR-6D,2020-045A,45863,PAY,+,PRC,2020-07-09,XICLF,,1436.13,0.04,35797,35777,,,EA,ORB
KOREASAT 116,2020-048A,45920,PAY,+,SKOR,2020-07-20,AFETR,,1436.13,0.02,35791,35783,,,EA,ORB
EXPRESS 103,2020-053A,45985,PAY,+,CIS,2020-07-30,TYMSC,,1436.11,0.04,35792,35782,,,EA,ORB
EXPRESS 80,2020-053B,45986,PAY,+,CIS,2020-07-30,TYMSC,,1436.09,0.02,35796,35777,,,EA,ORB
BSAT-4B,2020-056A,46112,PAY,+,JPN,2020-08-15,FRGUI,,1436.1,0.05,35804,35769,,,EA,ORB
MEV-2,2020-056B,46113,PAY,+,US,2020-08-15,FRGUI,,1436.11,0.05,35788,35785,,,28358,DOC
GALAXY 30 (G-30),2020-056C,46114,PAY,+,US,2020-08-15,FRGUI,,1436.09,0.02,35797,35776,,,EA,ORB
TIANTONG-1 2,2020-082A,46916,PAY,+,PRC,2020-11-12,XICLF,,1436.08,0.72,35789,35783,,,EA,ORB
LUCAS (JDRS-1),2020-089A,47202,PAY,+,JPN,2020-11-29,TANSC,,1436.08,0.06,35795,35778,,,EA,ORB
SXM-7,2020-096A,47240,PAY,P,US,2020-12-13,AFETR,,1436.12,0.02,35803,35771,,,EA,ORB
CMS-01,2020-099A,47256,PAY,+,IND,2020-12-17,SRILR,,1436.1,0.01,35807,35767,,,EA,ORB
TURKSAT 5A,2021-001A,47306,PAY,+,TURK,2021-01-08,AFETR,,1436.09,0.01,35787,35785,,,EA,ORB
TIANTONG-1 3,2021-003A,47321,PAY,+,PRC,2021-01-19,XICLF,,1436.1,1.71,35801,35772,,,EA,ORB
TJS-6,2021-010A,47613,PAY,+,PRC,2021-02-04,XICLF,,1436.08,0.06,35802,35770,,,EA,ORB
SHIYAN-9 (SY-9),2021-019A,47851,PAY,+,PRC,2021-03-11,WSC,,1436.09,16.36,35847,35726,,,EA,ORB
SBIRS GEO-5 (USA 315),2021-042A,48618,PAY,+,US,2021-05-18,AFETR,,1436.1,5.01,35795,35779,,,EA,ORB
FENGYUN 4B,2021-047A,48808,PAY,+,PRC,2021-06-02,XICLF,,1436.11,0.34,35819,35755,,,EA,ORB
SXM-8,2021-049A,48838,PAY,+,US,2021-06-06,AFETR,,1436.11,0.02,35810,35764,,,EA,ORB
TIANLIAN 1-05,2021-063A,49011,PAY,+,PRC,2021-07-06,XICLF,,1436.08,1.79,35800,35773,,,EA,ORB
STAR ONE D2,2021-069A,49055,PAY,+,BRAZ,2021-07-30,FRGUI,,1436.12,0.03,35798,35776,,,EA,ORB
EUTELSAT QUANTUM,2021-069B,49056,PAY,+,EUTE,2021-07-30,FRGUI,,1436.11,0.01,35796,35778,,,EA,ORB
ZHONGXING-2E,2021-071A,49062,PAY,+,PRC,2021-08-05,XICLF,,1436.13,0.01,35790,35784,,,EA,ORB
TJS-7,2021-077A,49115,PAY,+,PRC,2021-08-24,XICLF,,1436.12,0.16,35795,35779,,,EA,ORB
CHINASAT 9B,2021-080A,49125,PAY,+,PRC,2021-09-09,XICLF,,1436.1,0.01,35800,35773,,,EA,ORB
SES-17,2021-095A,49332,PAY,+,SES,2021-10-24,FRGUI,,1436.14,0.03,35792,35783,,,EA,ORB
SYRACUSE 4A,2021-095B,49333,PAY,+,FR,2021-10-24,FRGUI,,1436.11,0.02,35793,35780,,,EA,ORB
ZHONGXING-1D,2021-114A,49505,PAY,+,PRC,2021-11-26,XICLF,,1436.1,0.01,35791,35782,,,EA,ORB
STPSAT-6,2021-118A,49817,PAY,+,US,2021-12-07,AFETR,,1436.1,0.51,35791,35782,,,EA,ORB
EXPRESS AMU-7,2021-123A,50001,PAY,+,CIS,2021-12-13,TYMSC,,1436.09,0.04,35787,35786,,,EA,ORB
EXPRESS AMU-3,2021-123B,50002,PAY,+,CIS,2021-12-13,TYMSC,,1436.08,0.03,35791,35782,,,EA,ORB
TIANLIAN 2-02,2021-124A,50005,PAY,+,PRC,2021-12-13,XICLF,,1436.1,0.99,35801,35772,,,EA,ORB
TURKSAT 5B,2021-126A,50212,PAY,+,TURK,2021-12-19,AFETR,,1436.1,0.07,35794,35780,,,EA,ORB
INMARSAT 6-F1,2021-128A,50319,PAY,+,IM,2021-12-22,TANSC,,1436.15,0.02,35789,35787,,,EA,ORB
SHIYAN-12 01 (SY-12 01),2021-129A,50321,PAY,+,PRC,2021-12-23,WSC,,1433.26,3.87,35738,35724,,,EA,ORB
SHIYAN-12 02 (SY-12 02),2021-129B,50322,PAY,+,PRC,2021-12-23,WSC,,1433.5,3.87,35751,35721,,,EA,ORB
TJS-9,2021-135A,50574,PAY,+,PRC,2021-12-29,XICLF,,1436.16,0.03,35807,35769,,,EA,ORB
USA 324,2022-006A,51280,PAY,+,US,2022-01-21,AFETR,,1436.54,0.77,35822,35769,,,EA,ORB
USA 325,2022-006B,51281,PAY,+,US,2022-01-21,AFETR,,1436.09,0.59,35802,35771,,,EA,ORB
GOES 18,2022-021A,51850,PAY,+,US,2022-03-01,AFETR,,1436.1,0.01,35790,35784,,,EA,ORB
ZHONGXING-6D,2022-038A,52255,PAY,+,PRC,2022-04-15,XICLF,,1436.13,0.06,35795,35780,,,EA,ORB
NILESAT 301,2022-061A,52817,PAY,+,EGYP,2022-06-08,AFETR,,1436.07,0.05,35792,35780,,,EA,ORB
CMS-02 (GSAT-24),2022-067A,52903,PAY,+,IND,2022-06-22,FRGUI,,1436.12,0.05,35795,35779,,,EA,ORB
MEASAT 3D,2022-067B,52904,PAY,+,MALA,2022-06-22,FRGUI,,1436.14,0.01,35793,35782,,,EA,ORB
SES-22,2022-071A,52933,PAY,+,SES,2022-06-29,AFETR,,1436.13,0.04,35792,35783,,,EA,ORB
WFOV (USA 332),2022-073A,52940,PAY,+,US,2022-07-01,AFETR,,1436.08,3.9,35798,35774,,,EA,ORB
TIANLIAN 2-03,2022-078A,53100,PAY,+,PRC,2022-07-12,XICLF,,1436.1,0.87,35792,35782,,,EA,ORB
SBIRS GEO-6 (USA 336),2022-092A,53355,PAY,+,US,2022-08-04,AFETR,,1436.11,3.13,35795,35779,,,EA,ORB
EUTELSAT KONNECT VHTS,2022-110A,53765,PAY,+,EUTE,2022-09-07,FRGUI,,1436.13,0.06,35799,35775,,,EA,ORB
ZHONGXING-1E,2022-112A,53813,PAY,+,PRC,2022-09-13,WSC,,1436.13,0.01,35798,35776,,,EA,ORB
SES-20,2022-123A,53960,PAY,+,SES,2022-10-04,AFETR,,1436.12,0.02,35794,35780,,,EA,ORB
SES-21,2022-123B,53961,PAY,+,SES,2022-10-04,AFETR,,1436.12,0.03,35791,35783,,,EA,ORB
GALAXY 33 (G-33),2022-128A,54026,PAY,+,ITSO,2022-10-08,AFETR,,1436.09,0.02,35794,35779,,,EA,ORB
GALAXY 34 (G-34),2022-128B,54027,PAY,+,ITSO,2022-10-08,AFETR,,1436.06,0.02,35793,35778,,,EA,ORB
ANGOSAT 2,2022-131A,54033,PAY,+,ANG,2022-10-12,TYMSC,,1436.12,0.02,35791,35783,,,EA,ORB
EUTELSAT HOTBIRD 13F,2022-134A,54048,PAY,+,EUTE,2022-10-15,AFETR,,1436.1,0.06,35795,35779,,,EA,ORB
EUTELSAT HOTBIRD 13G,2022-146A,54225,PAY,+,EUTE,2022-11-03,AFETR,,1436.11,0.05,35796,35778,,,EA,ORB
ZHONGXING-19,2022-148A,54230,PAY,+,PRC,2022-11-05,XICLF,,1436.1,0.05,35806,35768,,,EA,ORB
GALAXY 31 (G-31),2022-153A,54243,PAY,+,ITSO,2022-11-12,AFETR,,1436.1,0.01,35792,35781,,,EA,ORB
GALAXY 32 (G-32),2022-153B,54244,PAY,+,ITSO,2022-11-12,AFETR,,1436.12,0.02,35787,35787,,,EA,ORB
EUTELSAT 10B,2022-157A,54259,PAY,+,EUTE,2022-11-23,AFETR,,1436.12,0.06,35791,35783,,,EA,ORB
GALAXY 35 (G-35),2022-170A,54741,PAY,+,ITSO,2022-12-13,FRGUI,,1436.11,0.02,35795,35778,,,EA,ORB
GALAXY 36 (G-36),2022-170B,54742,PAY,+,ITSO,2022-12-13,FRGUI,,1436.09,0.02,35795,35778,,,EA,ORB
METEOSAT-12 (MTG-I1),2022-170C,54743,PAY,+,EUME,2022-12-13,FRGUI,,1436.14,0.77,35803,35772,,,EA,ORB
SHIJIAN-23 (SJ-23),2023-002A,55131,PAY,+,PRC,2023-01-08,WSC,,1439.63,3.91,35868,35843,,,EA,ORB
APSTAR-6E,2023-005A,55239,PAY,P,PRC,2023-01-12,XICLF,,1436.11,0.05,35802,35772,,,EA,ORB
USA 342,2023-008A,55263,PAY,+,US,2023-01-15,AFETR,,1436.07,0.02,35787,35785,,,EA,ORB
ELEKTRO-L 4,2023-016A,55506,PAY,+,CIS,2023-02-05,TYMSC,,1436.1,0.02,35796,35777,,,EA,ORB
AMAZONAS NEXUS,2023-017A,55508,PAY,+,SPN,2023-02-07,AFETR,,1436.13,0.04,35800,35774,,,EA,ORB
ZHONGXING-26,2023-023A,55686,PAY,+,PRC,2023-02-23,XICLF,,1436.18,0.06,35798,35778,,,EA,ORB
LUCH-5X (OLYMP-K 2),2023-031A,55841,PAY,+,CIS,2023-03-12,TYMSC,,1436.08,0.02,35789,35784,,,EA,ORB
GAOFEN-13 02,2023-036A,55912,PAY,+,PRC,2023-03-17,XICLF,,1436.12,1.0,35803,35771,,,EA,ORB
SES-18,2023-038A,55970,PAY,+,SES,2023-03-17,AFETR,,1436.08,0.06,35795,35778,,,EA,ORB
SES-19,2023-038B,55971,PAY,+,SES,2023-03-17,AFETR,,1436.12,0.06,35794,35780,,,EA,ORB
INTELSAT 40E (IS-40E),2023-052A,56174,PAY,+,ITSO,2023-04-07,AFETR,,1436.11,0.01,35798,35776,,,EA,ORB
USA 344,2022-144J,56307,PAY,+,US,2022-11-01,AFETR,,1440.3,5.44,35887,35850,,NEA,EA,ORB
VIASAT-3 F1,2023-060A,56370,PAY,P,US,2023-05-01,AFETR,,1436.11,0.01,35791,35783,,,EA,ORB
ARCTURUS,2023-060B,56371,PAY,P,US,2023-05-01,AFETR,,1436.13,2.97,35790,35784,,,EA,ORB
GS-1,2023-060C,56372,PAY,+,US,2023-05-01,AFETR,,1436.34,2.9,35804,35779,,,EA,ORB
BEIDOU-3 G4,2023-066A,56564,PAY,+,PRC,2023-05-17,XICLF,,1436.07,0.44,35808,35764,,,EA,ORB
ARABSAT-7B (BADR-8),2023-075A,56757,PAY,+,AB,2023-05-27,AFETR,,1436.09,0.08,35794,35779,,,EA,ORB
NVS-01 (IRNSS-1J),2023-076A,56759,PAY,+,IND,2023-05-29,SRILR,,1436.14,1.99,35808,35767,,,EA,ORB
NUSANTARA TIGA (SATRIA),2023-086A,57045,PAY,+,INDO,2023-06-18,AFETR,,1436.07,0.05,35797,35775,,,EA,ORB
H2SAT (HEINRICH HERTZ),2023-093A,57213,PAY,+,GER,2023-07-05,FRGUI,,1436.14,0.02,35791,35784,,,EA,ORB
SYRACUSE 4B,2023-093B,57214,PAY,+,FR,2023-07-05,FRGUI,,1436.12,0.02,35788,35786,,,EA,ORB
JUPITER 3 (ECHOSTAR 24),2023-108A,57479,PAY,+,US,2023-07-29,AFETR,,1436.1,0.02,35792,35782,,,EA,ORB
GALAXY 37 (G-37),2023-112A,57493,PAY,+,ITSO,2023-08-03,AFETR,,1436.08,0.02,35795,35778,,,EA,ORB
LUDI TANCE-4 01A,2023-120A,57624,PAY,+,PRC,2023-08-12,XICLF,,1436.18,15.06,35804,35773,,,EA,ORB
USA 346,2023-140A,57836,PAY,+,US,2023-09-10,AFETR,,1436.05,12.41,35787,35785,,NEA,EA,ORB
USA 347,2023-140B,57837,PAY,+,US,2023-09-10,AFETR,,1436.07,12.05,35798,35773,,NEA,EA,ORB
USA 348,2023-140C,57838,PAY,+,US,2023-09-10,AFETR,,1436.1,12.05,35791,35782,,NEA,EA,ORB
TJS-10,2023-169A,58204,PAY,+,PRC,2023-11-03,WSC,,1436.09,2.74,35806,35767,,,EA,ORB
ZHONGXING-6E,2023-172A,58253,PAY,+,PRC,2023-11-09,XICLF,,1436.17,0.01,35798,35777,,,EA,ORB
YAOGAN-41,2023-197A,58582,PAY,+,PRC,2023-12-15,WSC,,1436.09,2.99,35846,35727,,,EA,ORB
OVZON-3,2024-003A,58698,PAY,+,SWED,2024-01-03,AFETR,,1436.12,0.01,35788,35786,,,EA,ORB
INSAT-3DS,2024-033A,58990,PAY,+,IND,2024-02-17,SRILR,,1436.12,0.06,35793,35781,,,EA,ORB
MERAH PUTIH 2,2024-035A,58995,PAY,+,INDO,2024-02-20,AFETR,,1436.12,0.01,35792,35782,,,EA,ORB
TJS-11,2024-037A,59020,PAY,+,PRC,2024-02-23,WSC,,1436.1,4.1,35797,35777,,,EA,ORB
HULIANWAN GAOGUI-01 (HG-01),2024-040A,59069,PAY,+,PRC,2024-02-29,XICLF,,1436.11,0.09,35793,35781,,,EA,ORB
EUTELSAT 36D,2024-059A,59346,PAY,+,EUTE,2024-03-30,AFETR,,1436.16,0.02,35791,35785,,,EA,ORB
USA 353,2024-067A,59453,PAY,+,US,2024-04-09,AFETR,,1436.1,6.21,35951,35623,,NEA,EA,ORB
PAKSAT-MM1,2024-104A,59915,PAY,+,PAKI,2024-05-30,XICLF,,1436.09,0.04,35795,35778,,,EA,ORB
ASTRA 1P (SES-24),2024-115A,60086,PAY,+,SES,2024-06-20,AFETR,,1436.09,0.07,35797,35776,,,EA,ORB
GOES 19,2024-119A,60133,PAY,+,US,2024-06-25,AFETR,,1436.11,0.01,35790,35783,,,EA,ORB
ZHONGXING-3A,2024-122A,60179,PAY,+,PRC,2024-06-29,WSC,,1436.1,0.02,35798,35775,,,EA,ORB
TURKSAT 6A,2024-127A,60233,PAY,+,TURK,2024-07-08,AFETR,,1436.07,0.05,35805,35767,,,EA,ORB
HULIANWAN GAOGUI-02 (HG-02),2024-135A,60327,PAY,+,PRC,2024-08-01,XICLF,,1436.09,0.06,35806,35767,,,EA,ORB
ZHONGXING-4A,2024-151A,60606,PAY,+,PRC,2024-08-22,WSC,,1436.09,1.12,35790,35782,,,EA,ORB
HULIANWAN GAOGUI-03 (HG-03),2024-181A,61503,PAY,+,PRC,2024-10-10,XICLF,,1436.06,0.07,35790,35782,,,EA,ORB
DSN-3 (KIRAMEKI-3),2024-198A,61733,PAY,+,JPN,2024-11-04,TANSC,,1436.1,0.02,35793,35781,,,EA,ORB
KOREASAT 6A,2024-206A,61910,PAY,+,SKOR,2024-11-11,AFETR,,1436.11,0.03,35791,35783,,,EA,ORB
OPTUS-X (ADS-01),2024-212A,62006,PAY,+,AUS,2024-11-17,AFETR,,1436.11,0.04,35797,35776,,,EA,ORB
GSAT-N2 (GSAT-20),2024-214A,62028,PAY,+,IND,2024-11-18,AFETR,,1436.09,0.04,35793,35780,,,EA,ORB
SXM-9,2024-234A,62259,PAY,+,US,2024-12-05,AFETR,,1436.14,0.01,35808,35767,,,EA,ORB
TJS-12,2024-246A,62374,PAY,+,PRC,2024-12-20,XICLF,,1436.1,0.52,35791,35782,,,EA,ORB
NUVIEW ALPHA,2024-252B,62455,PAY,+,UK,2024-12-29,AFETR,,1436.09,0.05,35788,35785,,,EA,ORB
AGILA,2024-252C,62456,PAY,+,RP,2024-12-29,AFETR,,1436.08,0.03,35791,35782,,,EA,ORB
NUVIEW BRAVO,2024-252D,62457,PAY,+,UK,2024-12-29,AFETR,,1436.11,0.06,35794,35780,,,EA,ORB
THURAYA-4,2025-001A,62483,PAY,+,UAE,2025-01-04,AFETR,,1436.07,0.02,35787,35785,,,EA,ORB
TJS-14,2025-017A,62804,PAY,+,PRC,2025-01-23,XICLF,,1436.11,0.62,35801,35773,,,EA,ORB
SPAINSAT NG I,2025-021A,62852,PAY,+,SPN,2025-01-30,AFETR,,1436.11,0.02,35788,35786,,,EA,ORB
QZS-6 (MICHIBIKI-6),2025-023A,62876,PAY,+,JPN,2025-02-02,TANSC,,1436.09,0.02,35793,35780,,,EA,ORB
ZHONGXING-10R,2025-036A,63075,PAY,+,PRC,2025-02-22,XICLF,,1436.16,0.05,35809,35767,,,EA,ORB
TJS-15,2025-045A,63157,PAY,+,PRC,2025-03-09,XICLF,,1438.62,0.4,35842,35830,,,EA,ORB
TIANLIAN 2-04,2025-062A,63361,PAY,+,PRC,2025-03-26,XICLF,,1436.11,4.18,35925,35649,,,EA,ORB
TJS-16,2025-064A,63397,PAY,+,PRC,2025-03-29,WSC,,1436.08,1.29,35793,35779,,,EA,ORB
TJS-17,2025-073A,63524,PAY,+,PRC,2025-04-10,XICLF,,1436.12,1.26,35792,35782,,,EA,ORB
TIANLIAN 2-05,2025-084A,63662,PAY,+,PRC,2025-04-27,XICLF,,1436.09,4.26,35792,35781,,,EA,ORB
TJS-19,2025-097A,63924,PAY,+,PRC,2025-05-12,XICLF,,1436.15,3.16,35814,35761,,,EA,ORB
CHINASAT 3B,2025-106A,64062,PAY,+,PRC,2025-05-20,WSC,,1436.1,0.02,35796,35777,,,EA,ORB
SXM-10,2025-122A,64290,PAY,+,US,2025-06-07,AFETR,,1436.13,0.02,35793,35781,,,EA,ORB
COSMOS 2589,2025-131A,64467,PAY,+,CIS,2025-06-19,PLMSC,,1434.79,0.13,35764,35758,,,EA,ORB
CHINASAT 9C,2025-132A,64470,PAY,+,PRC,2025-06-20,XICLF,,1436.11,0.04,35800,35773,,,EA,ORB
MTG-S1,2025-143A,64723,PAY,+,EUME,2025-07-01,AFETR,,1436.07,0.6,35803,35769,,,EA,ORB
DROR 1,2025-148A,64784,PAY,+,ISRA,2025-07-13,AFETR,,1436.11,0.03,35789,35785,,,EA,ORB
NTS-3,2025-173A,65160,PAY,+,US,2025-08-13,AFETR,,1431.15,3.08,35694,35685,,,EA,ORB
SHIYAN-29,2025-196A,65486,PAY,+,PRC,2025-09-05,XICLF,,1436.26,28.9,35852,35728,,,EA,ORB
NUSANTARA LIMA (NUSANTARA 5),2025-205A,65588,PAY,+,INDO,2025-09-12,AFETR,,1436.11,0.01,35789,35784,,,EA,ORB
TJS-20,2025-238A,66142,PAY,+,PRC,2025-10-23,WSC,,1436.08,5.3,35802,35771,,,EA,ORB
CMS-03 (GSAT-7R),2025-249B,66311,PAY,+,IND,2025-11-02,SRILR,,1436.12,0.08,35790,35784,,,EA,ORB
VIASAT-3 F2,2025-261A,66454,PAY,+,US,2025-11-14,AFETR,,1436.12,,35792,35782,,,EA,ORB
SHIJIAN-28 (SJ-28),2025-277A,66549,PAY,+,PRC,2025-11-30,WSC,,1436.18,4.34,35794,35782,,,EA,ORB
USA 569,2024-134L,66552,PAY,+,US,2024-07-30,AFETR,,1430.94,0.34,35701,35670,,NEA,EA,ORB
TJS-22,2025-290A,66990,PAY,+,PRC,2025-12-09,XICLF,,1436.11,1.35,35805,35769,,,EA,ORB
TJS-23,2025-306A,67226,PAY,+,PRC,2025-12-20,WSC,,1436.1,5.42,35805,35768,,,EA,ORB
FENGYUN 4C,2025-312A,67246,PAY,+,PRC,2025-12-26,XICLF,,1436.11,0.02,35790,35783,,,EA,ORB
SHIJIAN-29A (SJ-29A),2025-315A,67302,PAY,+,PRC,2025-12-30,WSC,,1436.08,3.59,35812,35760,,,EA,ORB
SHIJIAN-29B (SJ-29B),2025-315C,67403,PAY,+,PRC,2025-12-30,WSC,,1436.09,3.59,35815,35758,,,EA,ORB
ELEKTRO-L 5,2026-028A,67756,PAY,+,CIS,2026-02-12,TYMSC,,1436.11,0.18,35797,35777,,,EA,ORB
JAM-E JAM 1,2026-028B,67757,PAY,+,IRAN,2026-02-12,TYMSC,,1436.04,0.15,35789,35782,,,EA,ORB
USA 582,2026-029A,67759,PAY,+,US,2026-02-12,AFETR,,1433.58,0.35,35759,35715,,NEA,EA,ORB
USA 583,2026-029B,67760,PAY,+,US,2026-02-12,AFETR,,1434.12,0.3,35770,35726,,NEA,EA,ORB
ECHOSTAR 25,2026-045A,68126,PAY,+,US,2026-03-10,AFETR,,1436.09,0.02,35793,35780,,,EA,ORB
VIASAT-3 F3,2026-096A,68893,PAY,+,US,2026-04-29,AFETR,,1436.13,0.01,35793,35781,,,EA,ORB
TJS-24,2026-116A,69235,PAY,+,PRC,2026-05-26,WSC,,1436.09,0.2,35792,35781,,,EA,ORB
TJS-25,2026-129A,69474,PAY,+,PRC,2026-06-11,WSC,,1436.14,5.9,35807,35768,,,EA,ORB
TJS-26A,2026-144A,69674,PAY,+,PRC,2026-06-23,WSC,,1436.12,6.88,35813,35762,,,EA,ORB
SXM-11,2026-148A,69728,PAY,+,US,2026-06-29,AFETR,,1436.11,0.02,35790,35784,,,EA,ORB
TIANLIAN 2-06,2026-169A,100140,PAY,+,PRC,2026-07-23,XICLF,,1436.08,2.93,35800,35772,,,EA,ORB
TIANLIAN 3-01,2026-172A,100172,PAY,+,PRC,2026-07-29,WSC,,1436.1,0.07,35792,35781,,,EA,ORB
