NORAD_CAT_ID,OBJECT_NAME,LONGITUDE_DEG,INCLINATION,NEAREST_STATION_ID,ONE_WAY_DV_KM_S
56372,GS-1,87.15581753207638,2.9049,FS_28,0.17213400227571327
41745,USA 271,97.1397056135289,4.3566,FS_29,0.2500559840880347
57479,JUPITER 3 (ECHOSTAR 24),-95.21171294240641,0.0156,FS_09,0.027769874517697704
55263,USA 342,23.78237068807839,0.0027,FS_21,0.021527926856395894
56370,VIASAT 3-F1,-88.99643865731304,0.0146,FS_10,0.006515137162369492
43339,USA 283,134.05766006344533,0.0196,FS_32,0.02394977762411623
64290,SIRIUS XM-10,-116.19182802504933,0.0187,FS_07,0.022506772722981894
29494,DIRECTV 9S,-101.15288599182404,2.6132,FS_09,0.14679315322421865
44333,AT&T T-16,-100.86588406320126,0.0142,FS_09,0.0057036429038168635
44071,WGS 10 (USA 291),60.315906113064145,0.0063,FS_25,0.0021685395105346355
68893,VIASAT 3-F3,158.5788532233051,0.0117,FS_35,0.008739949969129898
42075,WGS 9 (USA 275),-11.973953286364308,0.016,FS_18,0.012078180886398839
46114,GALAXY 30,-125.01320500919279,0.0196,FS_06,0.02908246726881366
42070,ECHOSTAR 23,-109.89538408745288,0.0183,FS_08,0.0016132930359982936
35491,EWS-G3,91.01749137064135,1.8833,FS_28,0.10888940360069704
42740,VIASAT 2,-69.90967972313537,0.0275,FS_12,0.0020384010291992255
68126,ECHOSTAR 25,-109.98042649977153,0.0191,FS_08,0.0011573710507259366
47240,XM-7,-85.11997653830026,0.0185,FS_10,0.028450833037990404
19548,TDRS 3,-49.5070785636269,12.5444,FS_14,0.674669233394971
40746,WGS 7 (USA 263),175.0017354631206,0.0163,FS_01,0.028981163590108605
39222,WGS 6 (USA 244),-135.23374091531434,0.022,FS_05,0.028001909184140788
23712,USA 115,-90.5132419644495,14.1008,FS_10,0.7577225350566185
39008,ECHOSTAR 16,-61.480321957037276,0.0179,FS_13,0.009383853740628577
25019,USA 134,-111.68170240898442,12.8765,FS_08,0.6991070255093701
21639,TDRS 5,-166.84244197340945,14.0623,FS_02,0.7705656949958006
27691,USA 167,-121.59237937471251,11.1131,FS_07,0.6044652755515018
41879,WGS 8 (USA 272),149.81117429666807,0.0184,FS_34,0.002099932279696791
32763,ICO G-1,-92.76556608536794,5.5367,FS_10,0.3126437381125944
26715,USA 157,-149.89840457197405,11.6287,FS_04,0.6235614036954936
35496,TERRESTAR 1,-110.866401908095,5.2128,FS_08,0.2845659958287053
38551,ECHOSTAR 17,-107.09443028334428,0.0232,FS_08,0.017706437069006428
41866,GOES 16,-104.69905036764118,0.5268,FS_09,0.054704714288232065
36395,SDO,-98.01261817795431,34.8112,FS_09,1.8507333533180736
37218,SKYTERRA 1,-101.15951538585229,5.2882,FS_09,0.29028845926929236
40333,DIRECTV 14,-99.22922605467278,0.0212,FS_09,0.00555667651397414
32729,DIRECTV 11,-99.189789004613,0.0029,FS_09,0.0048017078668347165
29236,GALAXY 16,-98.99342707139199,0.0136,FS_09,0.0064806408980554765
33376,GALAXY 19,-96.99625382347577,0.0486,FS_09,0.019602614471711282
27445,GALAXY 3C,-94.77469307701297,3.935,FS_10,0.2379827899360603
43226,GOES 17,-89.51299275606951,1.1317,FS_10,0.06354789638513846
35493,SIRIUS FM-5,-86.15972599070028,0.0499,FS_10,0.02433402959437155
62259,SIRIUS XM-9,-85.2120422757834,0.0063,FS_10,0.027245464944712906
48838,XM-8,-85.14152286275016,0.0238,FS_10,0.028611475312417516
31307,GALAXY 17,-84.94826134843895,3.1622,FS_11,0.19749682665152957
66454,VIASAT 3-F2,-78.9997548107901,0.004,FS_11,0.005939162409155891
34713,WGS F2 (USA 204),57.48069751251549,0.0218,FS_25,0.015429566677697047
23467,UFO 4 (USA 108),172.39767933278333,9.6895,FS_36,0.5329276286895716
32951,GALAXY 18,-123.00393248426089,0.0115,FS_07,0.01761651406172166
36792,ECHOSTAR 15,-118.80272023277287,0.0591,FS_07,0.009998921421262914
28659,DIRECTV 8,-119.04595736834449,0.0149,FS_07,0.006258541038081295
37185,XM-5,-115.19570455625961,0.0694,FS_07,0.030737186070625377
69728,SIRIUS XM-11,-115.30555317501862,0.0195,FS_07,0.027468731078526442
37843,VIASAT 1,-115.09660812941951,0.0169,FS_07,0.028484317282482876
49817,STPSAT-6,-111.91498680974154,0.5163,FS_08,0.03858510322106438
27426,DIRECTV 5 (TEMPO 1),-110.01400466028392,5.0713,FS_08,0.272158589404842
28935,ECHOSTAR 10,-110.14104822240822,0.0616,FS_08,0.004165423113570828
33207,ECHOSTAR 11,-109.79518358165406,1.2007,FS_08,0.06563067711956597
37748,SES 3,-102.99047022596484,1.5222,FS_09,0.09860085348732875
40663,DIRECTV 15,-102.86243253491561,0.0177,FS_09,0.01715100198047075
36131,DIRECTV 12,-102.72508603274423,0.0104,FS_09,0.015990133769017385
41893,ECHOSTAR 19,-97.0972803229684,0.0166,FS_09,0.01732994788046793
20253,FLTSATCOM 8 (USA 46),125.17889887378854,12.4015,FS_32,0.6913397049104893
36108,WGS F3 (USA 211),-122.31725477153506,0.3163,FS_07,0.03011987249034495
23613,TDRS 7,88.2965276127826,13.3048,FS_28,0.7220473692509778
26388,TDRS 8,85.07923549431504,12.8058,FS_28,0.7134229850175854
36868,AEHF 1 (USA 214),29.829282057493387,8.4138,FS_22,0.45209993867671605
22787,UFO 2 (USA 95),29.26333650997769,11.9233,FS_22,0.6428759192961127
38070,WGS F4 (USA 233),88.41962402627097,0.014,FS_28,0.00975877105004158
27875,USA 170,24.326602120274394,10.6623,FS_21,0.5957749945925516
27954,HORIZONS 1 (GALAXY 13),-150.01511808001544,1.616,FS_04,0.0868476458395831
51850,GOES 18,-137.0106477456561,0.0103,FS_05,0.017465396988348644
36499,ECHOSTAR 14,-118.91291414446741,0.0594,FS_07,0.009397645094579927
39360,SIRIUS FM-6,-116.36968270004769,0.0072,FS_07,0.020882570479901268
22314,TDRS 6,-46.383089735947486,14.1853,FS_14,0.7797211250903807
25967,UFO 10 (USA 146),-23.11062422363205,9.9029,FS_17,0.5483586140722113
36411,EWS-G2,63.32713750814337,1.4882,FS_25,0.09866988393267119
26575,USA 153,133.9086785454057,11.7583,FS_32,0.6519218562550109
39070,TDRS 11,-174.1044558886827,3.6396,FS_02,0.21848782687101104
43162,SBIRS GEO 3 (USA 282),-159.3866077188432,2.2474,FS_03,0.12410498880688119
39120,SBIRS GEO 2 (USA 241),-80.85918526309702,4.6574,FS_11,0.2608777602674686
60133,GOES 19,-75.19206038352947,0.0107,FS_11,0.0276243260426304
65160,NTS-3,-64.02435010256922,3.4315,FS_13,0.21075559396503987
41592,ECHOSTAR 18,-61.3294096220978,0.0175,FS_13,0.008510440620177272
39168,WGS 5 (USA 243),-52.51036593897083,0.0208,FS_14,0.015360287211057713
28158,USA 176,-49.80576020940616,12.1677,FS_14,0.6529111578961374
32258,WGS F1 (USA 195),-42.48148590683614,0.0185,FS_15,0.015053933832310995
37481,SBIRS GEO 1 (USA 230),51.877363453890496,4.7071,FS_24,0.2631808974966574
38254,AEHF 2 (USA 235),-16.628410427355888,6.8277,FS_17,0.38521785991746527
42915,TDRS 13,-11.293644359257065,3.4788,FS_18,0.19402767218299796
46113,MEV-2,-0.9930482803732905,0.0535,FS_19,0.008539308860912543
41937,SBIRS GEO 4 (USA 273),2.8397135269092626,2.3961,FS_19,0.15075916251804333
32708,AMC-14,104.32647136740457,24.1009,FS_29,1.3098883224657392
26107,ASIASTAR,105.18810019713692,9.3082,FS_30,0.5260074534655816
39504,TDRS 12,-40.94489593642851,4.059,FS_15,0.22315597572669718
52940,WFOV (USA 332),119.37147316985269,3.9056,FS_31,0.21313326854201317
48618,SBIRS GEO 5 (USA 315),93.68915736860156,5.0111,FS_28,0.28965169968008514
56371,ARCTURUS,119.79532173808171,2.9713,FS_31,0.16064810481234873
45465,AEHF 6 (USA 298),138.18204564437724,2.3863,FS_33,0.13835213327258195
53355,SBIRS GEO 6 (USA 336),139.00959389926106,3.1336,FS_33,0.1737966383605853
44625,MEV-1,156.0911144359235,0.8487,FS_35,0.06759835182422141
28117,UFO 11 (USA 174),75.69595582275355,9.0076,FS_27,0.5071236223441739
42749,ECHOSTAR 21,10.29112402786233,1.7787,FS_20,0.09712602055690195
