NORAD_CAT_ID,FS_01,FS_02,FS_03,FS_04,FS_05,FS_06,FS_07,FS_08,FS_09,FS_10,FS_11,FS_12,FS_13,FS_14,FS_15,FS_16,FS_17,FS_18,FS_19,FS_20,FS_21,FS_22,FS_23,FS_24,FS_25,FS_26,FS_27,FS_28,FS_29,FS_30,FS_31,FS_32,FS_33,FS_34,FS_35,FS_36
56372,0.5777160614703178,0.6133152524851364,0.6474743443259201,0.6802843563281509,0.7118285542406348,0.742183275798793,0.771418651355225,0.7995992350074173,0.8267845590913114,0.8382127104200783,0.8114392876266838,0.783694848342567,0.754921871158905,0.7250580310971233,0.6940356747249123,0.6617812235161824,0.6282144935416034,0.5932479172241423,0.5567856499981247,0.5187225411251863,0.4789429434560569,0.43731933133319834,0.39371068877391,0.34796062111187853,0.29989513180718197,0.24931999134090485,0.19601760586227054,0.17213400227571327,0.22668603938867146,0.27840889228276267,0.32753134432838016,0.3742572817728155,0.41876907532578456,0.46123041431118905,0.5017886957642168,0.5405770492304955
41745,0.6184698617178075,0.6556063077146304,0.6912031007225128,0.7253599479324055,0.7581678554598641,0.7897100772578165,0.820062940506749,0.8492965660894125,0.8774754995853247,0.9046592656500616,0.9160020039177983,0.889227060511792,0.8614810115448437,0.8327063282565241,0.802840677523097,0.77181639686642,0.7395598976892517,0.7059909848201604,0.6710220780982885,0.6345573188313018,0.5964915403734645,0.5567090776047507,0.5150823844959396,0.47147042188651955,0.4257167686371295,0.37764739784559254,0.32706804501570463,0.27376107581120745,0.2500559840880347,0.3046032639258103,0.35632175025510193,0.4054401832693424,0.45216241199317686,0.4966707748894468,0.5391289332181568,0.5796842594867142
57479,0.3927199909693561,0.3542613651237236,0.31405718757682183,0.27197689388095564,0.22787600913591283,0.1815941861140093,0.1329528927320382,0.08175267168181062,0.027769874517697704,0.030115287109121883,0.08397537151610841,0.13506288940704197,0.18360039058910366,0.22978638421515835,0.27379858013194464,0.31579660931679426,0.35592432011844827,0.3943117267372173,0.43107667082000417,0.4663262450034004,0.500158017842047,0.5326610921723536,0.5639170231126764,0.5940006172388179,0.622980630734131,0.6509203812962172,0.6778782861339672,0.6767559967413999,0.6497576423372735,0.6217750615523923,0.5927496397131178,0.5626178402325694,0.531310663706343,0.4987530326196545,0.464863089238362,0.4295513917866158
55263,0.6251889766032539,0.6530273961052799,0.6798895937913185,0.6734349157413986,0.6463400771144805,0.6182553244894562,0.5891215706516748,0.5588747551155402,0.5274452962387128,0.49475746779552215,0.4607286873559086,0.425268701294696,0.38827864814567986,0.3496499781572177,0.30926320209199515,0.26698643626872703,0.2226737032014627,0.17616293746152853,0.1272736339019422,0.07580405923270557,0.021527926856395894,0.03501730532823718,0.0885876595271355,0.13940902692526166,0.187701375078114,0.2336609837920047,0.27746362899359495,0.3192672565014946,0.35921424011840836,0.3974332987234969,0.4340411318866701,0.4691438217853569,0.5028380400358676,0.5352120908382139,0.5663468161177487,0.5963163837883698
56370,0.4157492380141378,0.37831517838402967,0.3392104538326863,0.2983122865459939,0.25548505852086806,0.21057853582208597,0.1634257819842302,0.11384069362464787,0.06161507395732511,0.006515137162369492,0.05079440180212089,0.10357728870663661,0.15367489691334746,0.20130025837202914,0.2466436595789323,0.2898756728665119,0.3311497061345265,0.37060415941298847,0.40836425832179274,0.4445436203843031,0.4792455991994797,0.5125644429061749,0.5445862966163231,0.5753900731299024,0.605048211958725,0.6336273432406097,0.6611888703393942,0.6877894826611939,0.6666032758282785,0.6392390203757603,0.61086890177609,0.5814325018904698,0.5508642839970761,0.5190930250575725,0.4860411691507875,0.4516240887706792
43339,0.2333133471086333,0.27717318073628405,0.3190298665505207,0.3590261799571133,0.3972911926741549,0.43394191540822824,0.46908470565063176,0.5028164794296348,0.5352257585942972,0.5663935794537673,0.5963942840092074,0.6252962113348302,0.6531623036934704,0.6800506395605419,0.6750552858644934,0.6479869067861612,0.6199301747330503,0.5908261322932917,0.5606108629038964,0.5292149448861521,0.49656283025757286,0.4625721357291237,0.4271528307891037,0.39020630468306816,0.3516242902642901,0.3112876179050774,0.26906476665251855,0.22481017222009128,0.17836224174136908,0.129541012813597,0.07814537832335236,0.02394977762411623,0.03438934193966594,0.08803873690929456,0.13893271978418123,0.18729196095199988
64290,0.3102047610622169,0.2679330530291923,0.2236257741655109,0.1771209034083924,0.12823798656847388,0.07677534915016652,0.022506772722981894,0.035710307773200105,0.0892880620458371,0.14011622819634742,0.1884148395300608,0.23438023263121313,0.27818823269152876,0.31999682846678595,0.3599484313379872,0.3981717932012531,0.43478364274245557,0.46989008790378634,0.5035878231753297,0.535965173126971,0.5671029978771762,0.5970754816338766,0.6259508217818905,0.6537918330358736,0.6806564787785887,0.6743385751651956,0.6472462181940135,0.6191640936746743,0.590033126573696,0.5597892699120988,0.5283629570600215,0.49567847852033026,0.4616532705534548,0.4261971004754019,0.38921113035238836,0.3505868369598261
29494,0.5094606211473057,0.4699799487823338,0.42867773087589695,0.38541535750682226,0.3400391812128472,0.2923783551117774,0.24224227668150516,0.18941754849587317,0.14679315322421865,0.20184831075498516,0.2540328498149876,0.3035801451662728,0.3506980395447384,0.39557232986925756,0.438369686104682,0.4792401094365369,0.5183190137726345,0.5557289972792637,0.5915813573108027,0.6259773917097372,0.6590095213165758,0.6907622621040613,0.721313070242357,0.7507330793151351,0.7790877456168496,0.8064374147982648,0.8268319330345645,0.8002173675661258,0.7726410732070715,0.7440462936286475,0.7143715513508794,0.6835501339596223,0.6515095103822047,0.6181706656607283,0.5834473403900872,0.5472451581929451
44333,0.3711036225826856,0.33167331857786575,0.29042524422313676,0.2472211926467276,0.2019079764004852,0.15431527578438686,0.10425309508083469,0.05150873859521887,0.0057036429038168635,0.06084491815497195,0.11310846024706667,0.16272843482240873,0.20991336578944786,0.2548496396667437,0.29770443911862365,0.3386282130865874,0.3777567680994327,0.4152130479057705,0.45110865512552856,0.4855451581611554,0.5186152184155155,0.5504035663952971,0.5809878501377446,0.6104393752858854,0.638823752827526,0.6662014678340435,0.6881176195048653,0.6615298616280052,0.6339819387456052,0.6054172230648911,0.575774379455912,0.5449868535246809,0.5129822900475167,0.47968187026431686,0.44499955426971116,0.4088412119630247
44071,0.5143615191698072,0.5462971622873982,0.5770199087511174,0.6066017783284825,0.635109023936407,0.6626027090965052,0.6891392163273058,0.6643070778673139,0.6368754904502185,0.6084340384426059,0.5789219684509068,0.5482733717421611,0.5164166114682849,0.48327367021740253,0.4487594044228751,0.4127806894504844,0.3752354358350707,0.33601145297515744,0.2949851313886156,0.2520199080808214,0.20696447127399906,0.159650650147078,0.10989092159775771,0.05747544834347939,0.0021685395105346355,0.05406928639445451,0.1066601763796533,0.15658123622105388,0.20404382517708394,0.24923678308201544,0.29232942523306127,0.3334740624914212,0.37280813356483966,0.4104560184454047,0.4465305881158774,0.4811345348709497
68893,0.11582567736214648,0.165305194014096,0.21236056748049542,0.25717704574880207,0.29992082138933673,0.3407414786162932,0.37977406567077976,0.41714085882893537,0.45295287108045956,0.4873111482097099,0.5203078869261382,0.5520274033058015,0.5825469747287726,0.6119375744346152,0.6402645145472383,0.6675880107720835,0.6865602876390002,0.6599206260414214,0.6323177706144025,0.6036948445493171,0.5739902369295558,0.5431370872054946,0.5110626994438072,0.477687874735087,0.44292614785922124,0.40668291149739,0.36885440780290546,0.3293265628174846,0.2879736338044654,0.24465663274708632,0.19922148060214756,0.151496835831972,0.10129152647770882,0.04839149650636058,0.008739949969129898,0.06371480889258456
42075,0.6586404810614955,0.6309827620016816,0.6023016944796885,0.5725353914357524,0.5416166857278552,0.5094725401790318,0.4760233750785215,0.44118229909567735,0.4048542267221878,0.3669348618397777,0.3273095226316281,0.28585177757195074,0.24242185531569388,0.1968647825358783,0.1490081925350129,0.09865973299232139,0.045603982402737504,0.012078180886398839,0.06688816152270399,0.11884774318470442,0.16818805698241573,0.21511501268134908,0.25981273364551233,0.3024464342046434,0.3431648440012632,0.3821022617324477,0.4193803037643729,0.4551094000255887,0.48939007941159646,0.5223140789542614,0.5539653047060645,0.5844206672752755,0.6137508109344755,0.6420207519924394,0.6692904395013349,0.6853319777736856
46114,0.2730437309904756,0.22898446047423257,0.18274760331845827,0.13415501352360068,0.0830076790139564,0.02908246726881366,0.02922875583957115,0.08314631372183086,0.13428661868873434,0.18287273473659924,0.22910361480267658,0.2731573536018849,0.31519391738668995,0.35535744780655326,0.39377821665415874,0.43057429264526265,0.46585296927622716,0.49971199336159694,0.5322406264321654,0.5635205652981864,0.5936267433994028,0.6226280308078332,0.6505878477191834,0.677564703810538,0.6774947041241005,0.6505153251037531,0.6225528367766379,0.5935487171493649,0.5634395323736284,0.5321563972071875,0.4996243613112438,0.4657617090007457,0.43047915760451166,0.39367893656040026,0.35525372561275675,0.31508542579371207
42070,0.3358101018733318,0.29474427401882275,0.25173650673184367,0.20663515506117255,0.1592716665606074,0.10945807910560064,0.05698404801080444,0.0016132930359982936,0.05585605940716428,0.10838818166670035,0.1582551957447412,0.20566795034431382,0.2508148436391634,0.2938648070805113,0.33496981647637225,0.37426701687909636,0.4118805299235072,0.44792299847253003,0.4824969127166868,0.5156957534865978,0.5476049819214002,0.5783028993806056,0.6078613972853815,0.6363466131956887,0.6638195066956272,0.6903363664353972,0.664383927686605,0.636931598548822,0.6084681709245034,0.5789327879317911,0.5482594259909359,0.5163763204886431,0.48320531150926305,0.44866109611184457,0.41265037090988377,0.37507084534622004
35491,0.5106081775294365,0.5467896674364608,0.581493636707045,0.6148143454335694,0.6468379493818143,0.6776433708745998,0.7073030579589107,0.7358836484423744,0.7634465525980604,0.790048466070823,0.7689361137693528,0.7415732195499288,0.7132045430157664,0.683769672794949,0.6532030796738161,0.6214335489650576,0.5883835340599083,0.5539684178648822,0.5180956661527306,0.48066385355812685,0.4415615388496625,0.4006659609862823,0.3578415210209955,0.312938006750677,0.26578850659406567,0.21620694578503813,0.16398516059863216,0.10888940360069704,0.15301428868983774,0.20580107658050356,0.2559022715462899,0.30353093959701444,0.34887739668145795,0.3921122407199646,0.4333889019400245,0.4728457999344788
42740,0.4836633905370438,0.44911714728399527,0.4131042546623365,0.3755224084909437,0.33625917584615933,0.29519067284319905,0.25218002464210204,0.20707556371552757,0.15970871175679355,0.10989147688991469,0.057413480042253724,0.0020384010291992255,0.0564396297139303,0.10896777963782728,0.15883114044344757,0.20624052634765397,0.2513843056900023,0.2944313839915849,0.3355337144253386,0.37482842220434903,0.41243961150817504,0.4484799097867927,0.4830517935750163,0.5162487315659592,0.5481561740780176,0.57885241279622,0.608409330468547,0.6368930568593278,0.6643645445285495,0.690880075782607,0.6648518380812976,0.6373981046790844,0.6089331892314178,0.5793962278464158,0.548721189164697,0.5168362999180076
68126,0.3354967904193031,0.2944150444278059,0.251390134493034,0.20627028129851302,0.15888677848317792,0.10905148684677951,0.05655385703299814,0.0011573710507259366,0.05634281185977812,0.10885131045248081,0.15869659813842288,0.20608931857492832,0.2512176925464444,0.2942504973253485,0.3353395741309659,0.37462195004929705,0.4122216429229774,0.44825120396557033,0.4828130421663263,0.5160005661815049,0.547899172805225,0.5785871058675754,0.6081362052140392,0.636612562046922,0.6640770941802329,0.690586052539366,0.6641826966047347,0.6367220120363465,0.6082497317628986,0.5787049571858344,0.5480216184283911,0.5161278993706665,0.48294558264652715,0.4483893010605173,0.41236567915593064,0.3747723452946469
47240,0.43005443636091506,0.3932374498976547,0.3547942718512371,0.3146066808479157,0.2725442319058122,0.22846258616572562,0.18220155192747217,0.13358277566214433,0.08240700597585744,0.028450833037990404,0.029779964889017525,0.08366659723162635,0.1347784987004838,0.183338456534829,0.22954518481493963,0.27357657111349404,0.31559240123608173,0.3557366589790782,0.39413947750256856,0.43091880331905,0.46618182182842766,0.5000261839127299,0.5325410657008186,0.5638080877519606,0.5939021152353717,0.6228919569357817,0.6508409778918652,0.6778076380215848,0.6771716429738989,0.6501820603066676,0.6222087677089586,0.5931931933607192,0.5630718481800269,0.5317757855502444,0.4992299867626628,0.46535265976748214
19548,1.2203212422365983,1.188486526750989,1.1553670709232258,1.12087786441444,1.0849259320085471,1.0474093523220669,1.0082161244330907,0.967222853635277,0.9242932209981601,0.8792761931475285,0.8320039181267237,0.782289239623727,0.7299227442366604,0.674669233394971,0.7246079623035401,0.777248168362417,0.8272145793503437,0.8747189834865269,0.9199505916468244,0.9630790415715479,1.0042569255544598,1.0436219289443456,1.0812986487118466,1.1174001474107345,1.1520292870483761,1.1852798789141217,1.2172376787377577,1.2479812512482271,1.2775827239651172,1.3061084466475317,1.3336195700685878,1.3601725555421222,1.336278968761386,1.308864739133525,1.2804416770552198,1.2509491156605244
40746,0.028981163590108605,0.0829030511419405,0.13404733261677848,0.18263711077270284,0.2288713719995351,0.2729282400222087,0.3149677063638868,0.35513393478002897,0.393557216477202,0.4303556372839338,0.4656365058335955,0.49949758237413466,0.5320281403949317,0.5633098873832624,0.5934177663382735,0.6224206559134401,0.650381984027452,0.6773602673244704,0.6773694670056233,0.6503915152835519,0.6224305382593026,0.5934280209073785,0.5633205371033779,0.5320392101875681,0.4995090993817516,0.4656484996792677,0.4303681403691001,0.39357026432432296,0.35514756642839285,0.3149819648286548,0.2729431728290469,0.22888703181009984,0.1826535561199193,0.13406462877363634,0.08292127115367541,0.02900038950774697
39222,0.2281307175949114,0.1818439004851171,0.1331971977420909,0.08199110257221308,0.028001909184140788,0.030591353753579336,0.08444506653888316,0.1355267321698654,0.18405884348947651,0.23023986048340525,0.2742474503563972,0.31624120693674285,0.35636494607352254,0.39474865342290655,0.4315101454690129,0.4667564925891996,0.5005852435826854,0.5330854836982011,0.5643387523502683,0.5944198420538258,0.6233974963691116,0.6513350216328033,0.6782908248043229,0.6770517651828498,0.6500513038093201,0.6220664919880858,0.5930387047494381,0.5629043940927232,0.5315945479303117,0.4990340746179782,0.46514110063924785,0.42982616654041617,0.39299130316705067,0.3545289664767457,0.31432080449400224,0.27223622406379966
23712,1.1641616440725788,1.1264816119318977,1.087113055163019,1.0459313518561264,1.002798788312862,0.9575627398895993,0.9100535317805841,0.8600819104561307,0.807436038382639,0.7577225350566185,0.812969921372202,0.8653307990416016,0.9150403102061185,0.9623078196786997,1.0073204417246324,1.0502459917461828,1.0912354712002492,1.1304251710357138,1.1679384613343013,1.2038873212699088,1.2383736529537264,1.2714904144689831,1.303322600877706,1.3339480967995363,1.3634384200180336,1.391859372234824,1.4192716103929697,1.4430574567976522,1.4165025786532603,1.3889894522708892,1.3604616072823705,1.330857882888329,1.3001119182010554,1.2681515733183413,1.2348982696975939,1.200266236156954
39008,0.5111787783633255,0.4777960085271862,0.4430258015562871,0.4067734990914258,0.3689352858370101,0.3293970229642569,0.2880328942354953,0.2447038280523546,0.19925564996037573,0.15151690905891838,0.10129630748349917,0.048379643567896945,0.009383853740628577,0.06434102512061247,0.1164356652457781,0.16590025077473272,0.21294185079912478,0.25774559249953954,0.30047756337534937,0.3412872558622353,0.3803096377101878,0.41766691433612957,0.4534700361276687,0.4878199933763052,0.5208089334445423,0.5525211283950644,0.583033816240055,0.6124179349112944,0.6407387647850293,0.6680564929504498,0.6867150437402167,0.6600698411414201,0.6324611211510249,0.6038319803399781,0.5741207783072926,0.5432606217697953
25019,1.0171690349569935,0.9757667557481093,0.9323965900299009,0.8869040380824555,0.8391172761564512,0.7888445771148065,0.7358712427263698,0.6991070255093701,0.7540040725934742,0.8060435465237885,0.8554573738167199,0.9024521495961684,0.9472125906804922,0.9899044276386764,1.0306768411141058,1.0696645253964003,1.106989445154057,1.1427623380707643,1.1770840058812506,1.2100464282674384,1.2417337277292162,1.2722230084970592,1.3015850885141853,1.3298851402633323,1.3571832535791566,1.3747741652269025,1.3481100921143454,1.320481399365496,1.2918310928393335,1.2620974316606712,1.2312134109963802,1.1991061743285945,1.165696343555054,1.130897252950002,1.0946140701930707,1.05674278417732
21639,0.8250253231782698,0.7705656949958006,0.7909773075079742,0.844368960050742,0.895026131994199,0.9431672063724823,0.9889870944669548,1.0326603845851439,1.0743439873267657,1.1141793703599496,1.1522944563201027,1.1888052425296223,1.2238171896781391,1.25742641757291,1.2897207389612821,1.3207805567929245,1.350679645793886,1.3794858356150141,1.4072616099020958,1.4340646332677902,1.424297749405502,1.3971427030940429,1.368994187167315,1.3397928184448673,1.3094742082455688,1.2779684101116258,1.2451992912656837,1.2110838150045875,1.1755312186789222,1.1384420687555783,1.0997071705497115,1.059206305330411,1.0168067613715104,0.9723616177623124,0.925707729911889,0.8766633529960826
27691,0.8820073138796002,0.8386553857254356,0.793182524543007,0.7454170720898893,0.6951674917872238,0.6422193058398066,0.6044652755515018,0.6593889779093195,0.7114529094035341,0.7608892403608366,0.8079047759626955,0.8526844149005849,0.8953940459394784,0.9361829879162097,0.9751860563269065,1.012525322549771,1.0483116185495316,1.0826458296402501,1.1156200098309226,1.1473183479186018,1.1778180074365094,1.2071898595171735,1.2354991244717342,1.2628059352476448,1.2808704003555782,1.2542146999622465,1.2265948690515645,1.197953953740921,1.1682302577466377,1.1373568257433062,1.1052608563153141,1.071863032849235,1.037076758423141,1.0008072779282573,0.9629506671688323,0.9233926643440594
41879,0.15968801810783567,0.2070317016243321,0.2521147449102003,0.29510554818151696,0.33615562349027645,0.37540170939221745,0.41296756985410304,0.44896553190354943,0.4834978058916523,0.5166576239105027,0.5485302253366329,0.579193713250874,0.6087198013107433,0.6371744672931166,0.6646185268075704,0.6901244667760431,0.6635997793073787,0.6361186022954635,0.6076246097027904,0.5780568005480418,0.5473489913265044,0.5154292394996118,0.48221918668834135,0.4476333079773522,0.4115780509979134,0.37395084507194326,0.33463895649016834,0.2935181607319603,0.25045119580511027,0.20528595247960396,0.15785334645645527,0.10796480369738896,0.05540927220787978,0.002099932279696791,0.057445227131096066,0.10989590736696313
32763,0.6980288772264023,0.6599787900062342,0.6202131675413749,0.5786045835158855,0.5350121349705865,0.4892795563290748,0.441232999103107,0.390678404325542,0.3373983755510659,0.3126437381125944,0.3672189974252642,0.41896316501359343,0.4681052350760255,0.5148492756093412,0.5593778147736905,0.6018546789164974,0.6424273848288624,0.6812291671393547,0.7183807051622615,0.7539916007059151,0.7881616483698435,0.820981932030042,0.852535775022728,0.882899566611784,0.9121434833803972,0.9403321210091977,0.967525049327796,0.979369965391103,0.9526039602855831,0.9248673731365249,0.896102718389266,0.8662477107891753,0.8352347410199294,0.8029902796712836,0.7694341976396133,0.7344789887161134
26715,0.7812222992767791,0.7314079412061806,0.678933072238829,0.6235614036954936,0.6778376510772476,0.7303689339929261,0.780235176145495,0.8276472189508929,0.872793454278778,0.9158428081012399,0.9569472514434302,0.9962439251656116,1.0338569472142707,1.0698989571955488,1.1044724424144983,1.1376708811370717,1.1695797322159747,1.200277294966499,1.229835458977167,1.2583203601607238,1.2857929566170796,1.3123095356559933,1.2863410815691045,1.258888455737817,1.2304247137658573,1.2008889972903276,1.170215281087839,1.138331798716525,1.1051603882211722,1.0706157443797348,1.0346045612471855,0.9970245453879879,0.957763276006066,0.9166968829502703,0.8736885069888719,0.828586498400962
35496,0.6105306493034125,0.5692824773585982,0.526078320664303,0.48076499094395403,0.43317216754820526,0.3831098536668243,0.33036535234172765,0.2845659958287053,0.3397071155001619,0.39197051487183004,0.4415903581559018,0.48877516802918636,0.5337113299442454,0.5765660256385069,0.6174897032440282,0.6566181685798752,0.6940743647699924,0.7299698938825417,0.7644063238309621,0.797476315583343,0.829264599258657,0.8598488225474091,0.8893002907816959,0.9176846146697891,0.9450622790311324,0.9669756851488261,0.9403878789411991,0.9128399049094299,0.884275135029159,0.8546322339139704,0.8238446468851873,0.7918400184023334,0.7585395293518608,0.7238571394329946,0.6876987181014415,0.6499610440963942
38551,0.34726049453148466,0.30671347063760745,0.2642642480744063,0.21976552323076615,0.17305371367460343,0.1239465715192206,0.07224035229073432,0.017706437069006428,0.04090990273568107,0.0942297558450128,0.14482094865642392,0.19290122932442444,0.23866496067663612,0.28228625497120696,0.3239216077689805,0.363712123387507,0.40178540512384775,0.4382571686159552,0.47323262522662735,0.5068076733591244,0.5390699285478978,0.5700996175660641,0.5999703573207783,0.6287498357177174,0.6565004087762337,0.6832796259215793,0.6721769024957266,0.6449975137823013,0.6168232164849138,0.5875945075234182,0.5572468652465467,0.5257101953735709,0.492908200373921,0.4587576594302504,0.42316760356253635,0.3860383673220583
41866,0.3837042149850019,0.34359258975185797,0.3016118648467588,0.2576183235208685,0.2114524852213114,0.16293681276542835,0.11187299608281605,0.058038716015891584,0.054704714288232065,0.10871343049502509,0.15993745466954298,0.20860066768558014,0.2549027274175735,0.2990223398582435,0.3411200037110385,0.38134032636822096,0.4198139886227253,0.4566594196927401,0.4919842319389723,0.5258864551399246,0.5584556027131801,0.5897735963521792,0.6199155708319734,0.6489505769559311,0.6769421975650366,0.7039490890572518,0.705544421996059,0.6785950295215403,0.650664292031739,0.6216938338248016,0.5916203832108423,0.5603752351252219,0.5278836399326784,0.49406410610816015,0.4588276020365843,0.422076639162089
36395,2.2207329540570067,2.1817978435106102,2.1410819123546103,2.098450880033025,2.0537560375841135,2.006832194348945,1.9574952541729662,1.9055393387115755,1.8507333533180736,1.8841103573872202,1.9371698998481712,1.9875218448945795,2.035381647340331,2.080941688295546,2.124374359458419,2.1658346559623265,2.2054623682510055,2.2433839446421473,2.2797140817700106,2.3145570888727933,2.3480080631132436,2.3801539062063046,2.4110742071421143,2.4408420114124434,2.46952449362926,2.4971835475799375,2.5238763054524167,2.507905958142258,2.4806375756244243,2.4523690168818426,2.4230403393209743,2.392586533797524,2.3609369640057514,2.328014728219107,2.293735930313442,2.2580088443866257
37218,0.6528928235176156,0.613410986486815,0.5721075165841337,0.5288437945606309,0.4834661623073303,0.4358037607400044,0.38566597329065566,0.33283938628878673,0.29028845926929236,0.34534163014544117,0.3975243466024435,0.4470699651746878,0.4941863128976972,0.5390591730996822,0.5818552039266579,0.6227243962417682,0.6618021549009862,0.6992110701028055,0.7350624321629945,0.7694575326853529,0.8024887869631466,0.834240706021869,0.8647907416069592,0.8942100233340035,0.9225640039297441,0.9499130258293534,0.9702723965904819,0.9436572113892404,0.9160802611320912,0.887484786516855,0.8578093067704576,0.8269871058230188,0.7949456485335117,0.7616059154047293,0.7268816419529261,0.6906784461023278
40333,0.37778479942812926,0.3386397682789718,0.2976982897065331,0.25482442674834893,0.2098675817015963,0.1626604015503857,0.11301630385673007,0.06072653834311399,0.00555667651397414,0.052415869994487066,0.10513363534786098,0.155171365566023,0.20274152445114263,0.24803390717914114,0.29121865920754886,0.33244881592991515,0.37186245098263193,0.4095845028974071,0.44572833576934123,0.4803970787211257,0.5136847804209347,0.5456774081914616,0.5764537159119848,0.6060860006515673,0.6346407645431872,0.6621792956361016,0.6887581792093683,0.6663377628356778,0.6389507435308072,0.6105565089468091,0.581094527718638,0.5504991374912659,0.5186989754851813,0.48561632994582216,0.45116639911793766,0.41525644170138787
32729,0.37695725252065126,0.3378190544879407,0.2968849185526803,0.2540189618557356,0.20907064840051842,0.16187269583383185,0.11223860298707473,0.059959713484183566,0.0048017078668347165,0.051223821245578186,0.10395260989286532,0.15400047608184647,0.20157997972847647,0.24688099912946154,0.29007375196349616,0.33131133664945867,0.3707318820492691,0.40846037527146417,0.44461022329398747,0.47928459322458994,0.51257756748617,0.5445751434880389,0.5753561020037653,0.6049927642087468,0.633551653899422,0.6610940786412712,0.6876766413365522,0.6654653168891406,0.6380821561893987,0.6096920094544821,0.5802343645203335,0.5496435803373872,0.5178483178246595,0.4847708916558495,0.45032652962795505,0.4144225235806418
29236,0.3782751492057194,0.33917094566766987,0.2982733382205593,0.2554467129814039,0.21054084071366588,0.1633887903321353,0.11380446464135312,0.06157967400347545,0.0064806408980554765,0.05072652959847105,0.10351025983277233,0.15360864343964234,0.20123471973183463,0.24657878157255833,0.2898114068257939,0.33108600821806283,0.37054099000843993,0.4083015815364403,0.44448140360880134,0.4791838127326484,0.5125030596309489,0.544525291718788,0.5753294238548002,0.6049878973959412,0.6335673441380961,0.6611291689387536,0.6877300625527331,0.666559822619731,0.6391958614665586,0.6108260546424625,0.5813899854716819,0.550822118855706,0.5190512335617444,0.48599977568203306,0.4515831199617965,0.4157087230223368
33376,0.3877569484481095,0.34899582794484607,0.30846679782595265,0.2660369415005702,0.22155910461245795,0.174869875494943,0.1257872024708094,0.07410756754032431,0.019602614471711282,0.04171834609740319,0.09506615429568531,0.14568303661259616,0.1937869882732631,0.23957258555039349,0.28321412597571494,0.32486826664430934,0.3646762532951048,0.4027658135199387,0.43925277259865647,0.4742424389436707,0.5078307971410881,0.5401055394934359,0.5711469613546877,0.6010287410679777,0.6298186217188452,0.6575790090111632,0.6843674972130348,0.6737852280514739,0.6466153274572607,0.6184510792529437,0.5892330271089176,0.5588967012217406,0.5273720649510244,0.49458288500942305,0.46044601237386884,0.4248705585235687
27445,0.6046510850348756,0.5662659613897967,0.5261407016704664,0.4841453092927841,0.4401359559654301,0.3939530336379331,0.3454188587804854,0.2943349525842942,0.24047880039837027,0.2379827899360603,0.2919695342164159,0.34317338019610677,0.39181801170791175,0.4381029165967769,0.48220665342456925,0.5242895924823587,0.5644962288436286,0.602957144671084,0.6397906822516335,0.6751043770583749,0.7089961906414457,0.7415555756855889,0.7728643996641349,0.8029977488110749,0.8320246303575791,0.860008587933927,0.8870082425674299,0.8882025936154863,0.861245985796363,0.8333076085517588,0.8043290509982395,0.7742470024496058,0.7429927145128774,0.7104913892899409,0.6766614813541008,0.6414138987232452
43226,0.4738164628218967,0.4362989256880142,0.39710467088032264,0.35611029652442305,0.3131794755445557,0.26816116527550193,0.22088750311969918,0.17117132052534612,0.11880318994625681,0.06354789638513846,0.11355217630764979,0.16619073348442648,0.216155628192925,0.26365863430240755,0.30888895027686847,0.3520162030708499,0.3931929755644995,0.4325569448570016,0.4702327006617707,0.5063332991253465,0.5409615965790869,0.5742113992679921,0.6061684584252679,0.6369113347600434,0.6665121521885126,0.6950372572313014,0.7225477977438272,0.7491002324050565,0.7251752882671988,0.6977604789881761,0.6693368027977434,0.6398435899415597,0.6092150245015803,0.5773795728798651,0.5442593328194506,0.5097692895345524
35493,0.42796160564668423,0.3909807146285745,0.3523618654999337,0.31198563634012416,0.2697202198692739,0.22541972563718068,0.17892218775944765,0.1300472154224904,0.07859320725210991,0.02433402959437155,0.03718191803689448,0.09076888179950213,0.14160550901913957,0.1899119148426088,0.2358845065269147,0.27969917058430444,0.32151394921403714,0.3614713005699249,0.39970001764305124,0.4363168653584562,0.4714279837261262,0.505130095705431,0.5375115512189113,0.5686532330282739,0.5986293456209268,0.6275081045920197,0.6553523410495061,0.6822200331689587,0.6760723045827084,0.6489830347876491,0.6209041796161965,0.5917766791862307,0.5615365033186683,0.5301141040564246,0.4974337927094648,0.4634130287854173
62259,0.42902762115334103,0.3921961685723192,0.3537374872512251,0.31353325013892186,0.27145289235858105,0.22735193852130228,0.18107004084071418,0.1324286665921843,0.08122835772780167,0.027245464944712906,0.029594525981982967,0.08345451511989775,0.13454194550757245,0.18307936610039308,0.22926528531602683,0.27327741236358727,0.31527537766492064,0.3554030290828074,0.3937903803907441,0.43055527285938067,0.4658047987924754,0.4996365264492726,0.5321395584032038,0.5633954495378124,0.5934790062186546,0.6224589844403401,0.6503987017305948,0.6773565751450594,0.6762325399571705,0.6492341540543347,0.6212515399160152,0.5922260827146586,0.5620942456927598,0.5307870292563133,0.49822935567931403,0.46433936699169487
48838,0.4302568542305866,0.3934364830491858,0.35498967763867556,0.3147981919042743,0.27273155281752,0.22864538958175276,0.18237947398513646,0.13375541058197796,0.0825738996394562,0.028611475312417516,0.030179303120114225,0.08405969820027696,0.13516587096482705,0.1837205528575198,0.2299224098024392,0.2739492876088629,0.3159609357002075,0.3561013060452653,0.3945005038512432,0.43127645098988315,0.4665363110643241,0.5003777156121919,0.532889823541061,0.5641542400339173,0.5942458164927417,0.6232333493430441,0.6511801925003374,0.678144795847828,0.6773945838249124,0.6504029413303475,0.6224274676390865,0.5934095808695642,0.5632857807863497,0.5319871083790683,0.4994385311324025,0.4655582415751915
31307,0.5993409210008105,0.5625508915245936,0.5241366024649157,0.4839800292276574,0.4419509500742222,0.39790528034964184,0.35168311895456744,0.3031064459670744,0.2519763946955366,0.1980700010757932,0.19749682665152957,0.25143320893361926,0.3025908027136061,0.35119284054165417,0.39743842082025344,0.44150576441007944,0.48355494744828403,0.5237302077069721,0.5621619013946413,0.5989681716364572,0.6342563777466701,0.668124324949714,0.7006613267732318,0.7319491264516422,0.7620626989891166,0.7910709517697416,0.8190373385684442,0.8460203993547104,0.8462946656852184,0.8193214900072894,0.7913655701041478,0.7623684142629195,0.7322666222010437,0.7009913459730157,0.6684676767869755,0.6346139453620161
66454,0.45105524131913627,0.415179890839476,0.37774529625293224,0.3386399979843329,0.29774121422617644,0.2549133224384164,0.21000608351173597,0.1628525550561458,0.11326662687576747,0.0610400943131449,0.005939162409155891,0.050255178384397706,0.10303713669662504,0.15313389110776385,0.20075846546036655,0.24610113924013607,0.2893324786888572,0.3306058863916091,0.37005975772184013,0.4078193142038183,0.44399816974561707,0.4786996747440469,0.5120180744926167,0.5440395115672726,0.5748428965012228,0.6045006667746059,0.6330794506995429,0.6606406499952272,0.6872409525827176,0.6660371640818105,0.6386725845610285,0.6103021226489797,0.5808653585958109,0.5502967538921631,0.5185250835114833,0.4854727893154996
34713,0.5243568923165266,0.5559409787992388,0.5863332100688227,0.6156039077769729,0.643817798084169,0.6710345684633819,0.6841849978106894,0.6574422071647127,0.6297301936365313,0.600991583798944,0.5711642166221705,0.540180620744109,0.5079674203373178,0.4744446577279674,0.439525018585485,0.40311294262544106,0.3651035992081423,0.32538170278314216,0.2838201375773607,0.24027835392276858,0.19460048972848848,0.1466131592269459,0.09612283645379996,0.042912741839651464,0.015429566677697047,0.07007767198444373,0.1218886987802438,0.17109230329902142,0.21789312421438484,0.26247418402851264,0.30499973926635005,0.3456176826606311,0.3844615786989759,0.42165239720875036,0.4572999967634753,0.4915043996570746
23467,0.5617583863769032,0.6149339968142852,0.6653926257757866,0.713350749003575,0.75900162992071,0.8025184263532116,0.8440568016146931,0.8837571313113878,0.9217463782055165,0.9581396928511482,0.9930417863760389,1.0265481129180014,1.0587458922426471,1.0897149975322302,1.1195287289150244,1.1482544897539146,1.1759543798440986,1.2026857173390406,1.1888905234286995,1.1616619657552898,1.1334355904706481,1.1041516518912877,1.073745359291839,1.0421463192335836,1.0092779007320989,0.9750565102914309,0.9393907612371956,0.9021805185776391,0.8633157966451909,0.8226754818047893,0.7801258462734292,0.7355188111967418,0.6886899070608178,0.6394558665855908,0.5876117684971379,0.5329276286895716
32951,0.28122618812808237,0.23758460926770317,0.191798970480048,0.1436949738815587,0.09307804279418636,0.03973018152360303,0.01761651406172166,0.0721214121929094,0.12380099669574313,0.17288362330386706,0.21957280958754774,0.2640506068519148,0.3064804264398024,0.34700942242439686,0.3857705111481639,0.4228840915801399,0.45845951772956467,0.4925963644353361,0.5253855200656422,0.5569101335073859,0.5872464379260648,0.6164644698527405,0.6446286989925164,0.671798581586324,0.6823798630929369,0.6555913572926705,0.6278309513707817,0.5990410509740275,0.5691592503042014,0.5381178061709965,0.5058430401146295,0.4722546566509111,0.4372649633315497,0.40077797540679877,0.3626883842799639,0.32288036446301155
36792,0.30150991750909173,0.2587214356232851,0.21385672072742923,0.1667491819810364,0.11721311345079645,0.06504077750935057,0.009998921421262914,0.05213133782800362,0.10496851559503163,0.15511604026803882,0.20278741808391898,0.2481733456485392,0.29144475157645255,0.33275535464379813,0.37224382725055494,0.4100356345678581,0.44624460556811807,0.480974281129925,0.5143190757986279,0.5463652829957827,0.5771919480831619,0.6068716293827526,0.6354710637942521,0.6630517508541939,0.6896704668066947,0.6695113135070981,0.6421659783852102,0.6138159034120824,0.5844007644659902,0.553855129138961,0.5221078904142168,0.4890816217456143,0.4546918402826453,0.41884616232380145,0.38144333179461454,0.3423720984638937
28659,0.29812891018877474,0.255291768761293,0.2103745490279105,0.163210226025964,0.1136125946003976,0.06137334038444073,0.006258541038081295,0.05108660020303499,0.10385562356732378,0.1539404848405481,0.20155409495201623,0.24688663574704736,0.2901085886377568,0.3313732821866595,0.3708190469102104,0.4085710472878845,0.4447428468728263,0.4794377514608503,0.5127499667139221,0.5447655998851313,0.5755635299343882,0.6052161660429412,0.6337901110929596,0.661346743895272,0.6879427316855202,0.6664939847964981,0.6391248895322872,0.6107496437039406,0.5813078051097702,0.550733810328913,0.5189564066265073,0.4858980049658883,0.4514739408129924,0.41559162674388306,0.37814957756260226,0.33903628453192125
37185,0.31700155088589943,0.2749243720486034,0.23082684556078048,0.18454865134891607,0.1359112885048277,0.08471533567295488,0.030737186070625377,0.03290525336616091,0.08676996898239377,0.13786174056206812,0.18640315932176188,0.23259277015543178,0.2766083139072868,0.31860944855894724,0.35874004608354637,0.397130141430321,0.433897594537044,0.4691495142204807,0.5029834833953407,0.5354886176823147,0.5667464836146371,0.5968318979886768,0.6258136261632435,0.6537549940938959,0.680714426439566,0.679676997454879,0.6526801740835652,0.6246992144811326,0.5956755114549607,0.5655455367112557,0.5342403000610189,0.5016847342556187,0.46779699302796773,0.4324876474464303,0.3956587626451147,0.357202833221304
69728,0.31389062504646503,0.27179206479004936,0.22767148587879674,0.18136838178994366,0.13270403755321517,0.08147878494032225,0.027468731078526442,0.030853732177217107,0.08468668158954974,0.13574927605381862,0.18426382283720424,0.23042862174681925,0.2744212010637801,0.31640103358580607,0.3565118292769487,0.394883480793915,0.4316337226367555,0.4668695526577977,0.5006884552882056,0.5331794584708724,0.5644240504519198,0.5944969779306666,0.6234669433359556,0.651397215985388,0.678346169440573,0.676726433123596,0.6497191011030665,0.6217270140208955,0.5926915133256188,0.5625490137889262,0.5312304619545527,0.49866072009198703,0.46475786320652457,0.42943237418273306,0.39258621908783375,0.3541117808795411
37843,0.314606691927705,0.27254878671700594,0.22847203965904778,0.1822162986408557,0.1336032555807229,0.08243371149447062,0.028484317282482876,0.029554567670548173,0.0834479660492484,0.13456608184296587,0.18313176282517601,0.22934377532171019,0.2733800522146616,0.315400418780521,0.3555488933449899,0.39395563939360495,0.43073863017084796,0.4660050747230777,0.49985264491815257,0.5323705355673687,0.5636403839107758,0.5937370700527256,0.6227294161855428,0.6506807994145307,0.6776496905434917,0.6771375713264265,0.6501502223938014,0.6221792950286213,0.5931662283207138,0.563047545282042,0.5317543127345685,0.49921152694009335,0.46533741257008926,0.43004262014971334,0.3932293040731098,0.35479005952232184
49817,0.35438749112570583,0.31294094681559365,0.2695230920685349,0.22397904926567894,0.17613656143579118,0.12580340261030223,0.07276429746910776,0.03858510322106438,0.09341263304899919,0.14538831840980962,0.19474345061654255,0.2416840774811714,0.2863944419092798,0.3290398622238579,0.3697691589231992,0.40871671040156293,0.44600420319808304,0.48174212924765886,0.5160310724193845,0.548962818637745,0.5806213175696321,0.6110835188396816,0.6404201017175127,0.6686961139840356,0.6959715330626567,0.7123256809426003,0.6856397210254469,0.6579878624296421,0.6293130056999047,0.5995532933072439,0.5686415908986046,0.5365048977941042,0.5030636750135681,0.46823107680637793,0.4319120688187525,0.3940024125187089
27426,0.606394863960404,0.565306830124594,0.5222751485651718,0.47714798687075316,0.4297565778587545,0.37991271235323293,0.3274057601149321,0.272158589404842,0.3275567610047437,0.3800559367312189,0.42989265015479333,0.47727746404321764,0.5223985291996915,0.5654245620704006,0.6065073507758094,0.6457838758599261,0.6833781142147166,0.7194025808932234,0.7539596528458703,0.7871427102512292,0.8190371245145003,0.8497211167657368,0.879266506499301,0.9077393666250777,0.9352005984746339,0.9616334819899177,0.9351250409063856,0.9076610561593426,0.8791852792926016,0.849636795226115,0.8189495157917679,0.7870516045197626,0.7538648213453265,0.7193037736856884,0.6832750576083,0.645676269438344
28935,0.33716825399904815,0.2960564160242858,0.2529990984251591,0.2078442676887522,0.16042292625798327,0.11054659989943218,0.058004351989516596,0.004165423113570828,0.059525160770851133,0.11198908735704506,0.16179338135376087,0.20914829984335048,0.25424172915644094,0.29724215585708036,0.3383011673809375,0.3775555683630851,0.41512918091478257,0.45113438340977785,0.48567343169518873,0.5188395983043219,0.550718158670334,0.5813872481135118,0.6109186091960903,0.639378245676792,0.6668269965771487,0.6925862627890553,0.6660660169335428,0.6385895401657584,0.6101005276642488,0.5805380019393334,0.5498358055586379,0.5179220249913956,0.48471833421583677,0.4501392445083243,0.4140912440967708,0.3764718079786573
33207,0.3996595821646244,0.35861249703429865,0.31562491387095337,0.27054534584210954,0.2232054216189129,0.1734173874397286,0.12097113944241547,0.06563067711956597,0.1187627694575101,0.1713227480546126,0.2212153806130527,0.2686517577591788,0.31382048695028397,0.3568906815299112,0.3980144760807601,0.43732915481536916,0.474958961803854,0.5110166480170385,0.5456047994260468,0.5788169819920045,0.6107387327476831,0.6414484209056251,0.6710179987163981,0.6995136584138436,0.7269964088443107,0.7535225831484184,0.7281014290554918,0.7006589394216919,0.6722059367127985,0.6426816131524428,0.6120199996567331,0.5801493922389854,0.5469916986048361,0.5124616914412435,0.4764661521864261,0.43890288571062686
37748,0.4438005211155002,0.4039948977107543,0.3623432984342398,0.3187044966814276,0.27292185721328605,0.2248211075665993,0.17420770034948213,0.12086367376813958,0.09860085348732875,0.1531097215264327,0.20479295004350523,0.2538789307697075,0.30057121231087675,0.34505187286084,0.3874843471646929,0.4280158097503663,0.4667791949102093,0.5038949174240962,0.5394723452771132,0.573611065703085,0.6064019780976043,0.6379282411875128,0.6682660969434236,0.6974855897966187,0.7256511965585682,0.7528223798779902,0.7634750275538599,0.7366877933340717,0.7089287334996653,0.6801402598490395,0.6502599733998885,0.6192201385317532,0.5869470852130393,0.5533605273680294,0.5183727830802255,0.48188787942342753
40663,0.3635662568269706,0.32378341381745973,0.2821563118158072,0.23854390858529556,0.19278977947299908,0.14471989354697684,0.09413998166871511,0.040832404128565855,0.01715100198047075,0.07169765054943482,0.12341555745389392,0.1725334571582306,0.21925519374807906,0.2637631014074768,0.30622083767264624,0.3467757717964017,0.38556100894554896,0.422697114407845,0.4582935892052277,0.4924501385568509,0.5252577668240864,0.5567997263946417,0.5871523430484414,0.6163857364116506,0.6445644509335106,0.6717480102504633,0.6830794136959076,0.6563042684850974,0.6285580058923449,0.5997830961815286,0.5699172051478977,0.5388926691127601,0.5066358981422351,0.47306669557284725,0.43809747957361606,0.40163238957731434
36131,0.36370960281416376,0.3239511731980256,0.28235032383794745,0.2387662099258916,0.19304263230124596,0.14500581864531337,0.0944617977339275,0.04119327467708602,0.015990133769017385,0.07057735654131815,0.12233250470609992,0.17148468111609616,0.21823804743335606,0.2627752129584022,0.3052600746503955,0.34584021101221274,0.3846489108217852,0.4218069010855501,0.45742382576523855,0.4915995168424503,0.5244250914483323,0.5559839025910945,0.5863523660842914,0.6156006823307222,0.6437934684357848,0.6709903135465768,0.6830498248584219,0.6562876378849597,0.6285550924630002,0.5997947214882683,0.5699442601476087,0.5389361218259453,0.5066968023867194,0.473146200937691,0.43819684284745075,0.4017529878894306
41893,0.3856670357765791,0.3468886764977629,0.30634113005753816,0.26389134508523815,0.21939201363400718,0.1726795483110578,0.1235716955297178,0.07186470423676494,0.01732994788046793,0.0405649903695705,0.09388403230136555,0.1444744796655998,0.19255407344976871,0.23831717028973587,0.2819378770689823,0.3235726846622494,0.3633626932843711,0.4014355026264814,0.43790682514564094,0.47288186938903143,0.5064565312595274,0.5387184240643043,0.5697477725867154,0.5996181919514209,0.6283973684630965,0.6561476566995216,0.682926604784836,0.6718087726627816,0.6446291084324093,0.6164545193266203,0.5872255009074129,0.556877530017592,0.5253405107022372,0.49253814356477876,0.4583872057025141,0.42279672579834615
20253,0.9355060724939116,0.9775799817352163,1.017778225022923,1.0562313240557375,1.0930575678272885,1.1283644446737109,1.1622498743160155,1.1948032722044568,1.226106472570167,1.256234531886251,1.285256430669021,1.3132356885076366,1.340230904742427,1.3411792468593646,1.3142182107795783,1.2862751447664673,1.2572916163387042,1.2272042908700052,1.1959443933674374,1.1634370963031035,1.1296008211581816,1.0943464388884474,1.05757635150101,1.0191834331897056,0.979049804811,0.9370454096287607,0.8930263508634894,0.8468329421780157,0.7982874101793566,0.7471911724434649,0.6933215942712946,0.6913397049104893,0.7453129761725653,0.7965044488234866,0.8451376859187026,0.891412071079504
36108,0.3005044233249158,0.25700413731559923,0.21137108531462898,0.16343226001310293,0.1129945713443857,0.05984174417397989,0.03011987249034495,0.08482786149984109,0.1366938469756934,0.1859480301638757,0.23279551948668517,0.277419744317391,0.3199853152060267,0.36064043424704295,0.3995189373449409,0.43674203334953987,0.47241979207418716,0.5066524231225937,0.5395313795362062,0.5711403140204876,0.6015559105332322,0.6308486100345458,0.6590832459892262,0.6863196026129135,0.7005411559046921,0.6738173876199909,0.646125509623424,0.6174082402744805,0.5876035202276171,0.5566439910370011,0.5244564025763552,0.4909609374715994,0.45607043841716977,0.41968952138286053,0.38171355417352804,0.3420274753915421
23613,1.1298865161506986,1.1656561436608244,1.1999747555109352,1.2329343132794635,1.2646189233183613,1.2951056754135615,1.324465374552624,1.3527631815682537,1.3800591757935616,1.3975346725196238,1.3708685581553568,1.343237704893991,1.3145851087771425,1.2848490180554522,1.2539624158225862,1.2218524321229656,1.1884396738589147,1.1536374585250724,1.1173509349707031,1.0794760708925968,1.039898482408542,0.9984920756112482,0.9551174631339082,0.9096201100414275,0.8618281522157384,0.8115498160395843,0.7585703495125303,0.7220473692509778,0.7769379230184313,0.8289714389063315,0.8783797840591966,0.9253695024469423,0.9701252665963468,1.0128127685499595,1.0535811552952965,1.0925650916024963
26388,1.1149476157872948,1.150239857876283,1.1841115842196857,1.2166521303720526,1.2479432592337538,1.2780599634160286,1.3070711661085106,1.3350403353102571,1.3620260238224597,1.3624460507824185,1.3354755008840486,1.307522361278,1.2785281530659978,1.2484294901702162,1.2171575404286346,1.184637412631294,1.1507874571344239,1.115518465234513,1.0787327494585863,1.0403230831766166,1.0001714732658877,0.9581477336903169,0.9141078204473861,0.867891878908874,0.8193219424989585,0.7681992060397623,0.7143007767414692,0.7134229850175854,0.7673673406506697,0.8185322572659609,0.8671410388279784,0.9133928453697681,0.9574659511961486,0.9995204789981617,1.0397007072705895,1.0781370279843392
36868,1.0587703295296413,1.0872268791775395,1.1146727165858503,1.140274667572243,1.113751663623686,1.0862722681648767,1.057780163200436,1.028214356653788,0.9975086749032287,0.9655911864059701,0.9323835450484634,0.8978002396344045,0.8617477331839276,0.8241234723331483,0.7848147429155454,0.7436973425434146,0.7006340343811037,0.6554727379012291,0.6080444016868918,0.5581604895340573,0.5056099931835765,0.45209993867671605,0.5074507066662641,0.559906406662106,0.6097031343174621,0.6570510754073244,0.7021380545663649,0.745132504730019,0.7861859665151774,0.8254352035169563,0.8630040017348759,0.8990047076533005,0.9335395488633567,0.9667017727817924,0.9985766324483776,1.0292422431607569
22787,1.2479705147259783,1.2763682857894083,1.303758643234755,1.3263599109281663,1.2997842088974854,1.272249044845562,1.2436978487305956,1.214069349377175,1.1832970633825162,1.1513087145196619,1.118025572161652,1.0833616949978748,1.0472230635432633,1.009506581515255,0.9700989218928249,0.9288751881404953,0.8856973543654703,0.8404124396600889,0.7928503610016171,0.7428213950703886,0.6901131611512077,0.6428759192961127,0.6980560392791566,0.7503552147631027,0.8000079686062986,0.8472231323487383,0.8921873587578246,0.9350680619989782,0.9760158931730616,1.015166836060661,1.0526439904142824,1.088559096647891,1.1230138452838987,1.1561010062984347,1.1879054070181332,1.2185047820655472
38070,0.4178426974767862,0.45363079522140587,0.4879666924614157,0.5209424531998856,0.552642275148105,0.5831433298129618,0.6125164954785574,0.6408269988867252,0.6681349787815141,0.6862630811271899,0.6596085055558103,0.6319898651697751,0.603350211493707,0.5736278542330828,0.5427558447118719,0.5106613889151437,0.4772651784878142,0.44248062574861563,0.4062129859584778,0.36835834659384875,0.3288024590345969,0.2874193826413534,0.2440699043482531,0.19859968820576707,0.1508370981969816,0.10059062333203911,0.04764581541612173,0.00975877105004158,0.0646860569831545,0.11675327654117967,0.1661926328396775,0.21321095930900952,0.2579931790986623,0.30070520224708314,0.34149636617433315,0.3805015026751735
27875,1.1948616553839888,1.222754825023546,1.2496687356687572,1.2460990516516905,1.219056482202126,1.1910270815350281,1.1619520186967622,1.1317675173296178,1.100404311576383,1.0677870270700596,1.0338334744779503,0.9984538405760338,0.9615497587550209,0.9230132370471408,0.8827254170072149,0.8405551308120366,0.796357216398271,0.7499705408574192,0.7012156699919162,0.6498921060132977,0.5957749945925516,0.6032351007980458,0.6569618955241415,0.7079269808459566,0.7563517165743244,0.802433584635789,0.8463494038875755,0.8882580290170031,0.9283026291787536,0.9666126219937002,1.0033053231591365,1.0384873600172138,1.0722558881376263,1.1046996426638374,1.1358998503848725,1.1659310238803253
27954,0.2444338856773374,0.19458973582988717,0.14208247442326874,0.0868476458395831,0.1422454804147655,0.1947443470495205,0.24458077619935795,0.2919653279504944,0.3370861507861907,0.38011195913617685,0.42119453936061807,0.4604708704605807,0.49806492797044727,0.5340892257444619,0.5686461396708945,0.6018290489842134,0.6337233242479127,0.6644071858394777,0.6939524525785757,0.722425196768638,0.7498863191947914,0.77631329903922,0.7498047545342067,0.7223406603455355,0.6938647675233457,0.6643161604409781,0.6336287503236874,0.6017307000267634,0.568543768732625,0.5339825630165159,0.4979536780014662,0.4603547089501319,0.4210731094478735,0.3799848670867217,0.33695296095740784,0.291825556887561
51850,0.2194369237676705,0.1727443851663965,0.1236581258812956,0.07197459472891249,0.017465396988348644,0.0397406036557692,0.093084311805754,0.14369742640122957,0.19179790642103017,0.2375802968252298,0.2812188679662297,0.32287025324273627,0.36267567764811676,0.4007628505412956,0.4372475811188858,0.4722351635574153,0.5058215698012785,0.5380944808924382,0.5691341821253497,0.599014342831744,0.6278026980034908,0.6555616460569154,0.6823487746827912,0.6716902004102814,0.6445189090677819,0.6163531878965227,0.58713357371561,0.5567955891233798,0.5252691890324297,0.4924781307408656,0.4583392547046234,0.4227616606122632,0.3856457602005367,0.34688218432363377,0.30635051688854736,0.2639178221121458
36499,0.3010713598335664,0.25826084466836413,0.21337235567648666,0.16623910552664128,0.11667516233628435,0.06447252745240524,0.009397645094579927,0.052751255362491443,0.10555753954844212,0.15567666016455256,0.20332185348981519,0.24868358270590335,0.2919325736442891,0.3332223681444693,0.372691483588437,0.4104652488100729,0.4466573724402623,0.4813712887730302,0.5147013176497067,0.5467336680880278,0.5775473100090048,0.6072147341206474,0.6358026165659082,0.6633724021512905,0.6899808177035492,0.6692374417892101,0.6418813466764087,0.6135198729539267,0.5840926430427414,0.5535341652235154,0.5217732665119611,0.4887324468027204,0.4543271409989332,0.41846487317775033,0.38104428354781256,0.34195400486201827
39360,0.3088377449033034,0.266531152541844,0.22218625460158256,0.17564072387728244,0.1267137545398954,0.07520326636081831,0.020882570479901268,0.03605650425819406,0.08958328137940919,0.14036461172824785,0.18862007589378513,0.2345456195047738,0.27831672851685274,0.32009109601353314,0.3600108745976701,0.39820458879175413,0.43478876676712763,0.469869339025783,0.5035428425239065,0.5358974615388655,0.5670139308858054,0.5969663225467631,0.6258227331285248,0.6536458866210667,0.6804936645379781,0.6732329390118025,0.6461234679915607,0.6180232193005096,0.5888730338721228,0.5586087715489304,0.5271607621321589,0.49445318071458944,0.4604033346084332,0.4249208466504223,0.3879067165460798,0.34925223804433114
22314,1.3174807975158778,1.2860311515983465,1.2533218275814686,1.21927012304664,1.1837856499274586,1.146769395676534,1.1081126402298664,1.0676957017223943,1.0253864778401443,0.9810387420222298,0.9344901439556766,0.8855598512684383,0.8340457531043836,0.7797211250903807,0.7950435923054023,0.8485665298327852,0.8993443324196365,0.947596546577041,0.993519088503383,1.037287418616138,1.0790592077392869,1.1189765889929555,1.15716806978065,1.193750163176439,1.2288287863219416,1.262500464311456,1.2948533708583916,1.3259682313423544,1.3559191092943788,1.384774093732126,1.4125959018133576,1.4394424088861928,1.4321106114109685,1.404999849599904,1.376898233915426,1.3477465989502402
25967,1.1576741211677168,1.128872909455426,1.0989791038707235,1.067924901192094,1.0356365561206449,1.0020336985577636,0.9670285525308061,0.9305250395194441,0.8924177453294747,0.8525907251698933,0.810916115960934,0.7672525178008743,0.7214430974996714,0.6733133555425478,0.6226684829505668,0.5692902151189073,0.5483586140722113,0.6028320661538321,0.6544827855492433,0.7035388429612458,0.7502035102108345,0.7946586256840497,0.8370674154072059,0.877576871473604,0.9163197680783784,0.9534163789798643,0.9889759475061731,1.0230979503331659,1.0558731884946937,1.087384732946358,1.1177087471169251,1.146915204966553,1.1750685199160102,1.2022280974541184,1.212243785660057,1.1854451988571792
36411,0.5840234476114929,0.6163393771609931,0.6474194969938134,0.6773376882863804,0.7061618762928754,0.7339546307352967,0.7607736939093526,0.7519057772643842,0.724767092951236,0.696635905785361,0.6674529131009121,0.637153815503936,0.6056687657920277,0.5729217418049455,0.5388298304486749,0.5033024075899784,0.46624019537793965,0.4275341746525659,0.38706432523712136,0.3446981608019338,0.300289017262033,0.25367404383105013,0.20467183322359886,0.15307961115328708,0.09866988393267119,0.1172027107067617,0.17064276943790982,0.22134442099589438,0.2695264770097419,0.3153842189728309,0.35909255649993016,0.4008086802939444,0.4406743032218304,0.4788175634000594,0.5153546482100397,0.5503911865561211
26575,0.8627841366975784,0.9066130061427675,0.9484409643840312,0.9884105693066909,1.0266507015250943,1.0632782032325416,1.0983992828120297,1.13211072392246,1.164500930540098,1.1956508337030096,1.2256346811347376,1.2545207272546117,1.2823718381204483,1.3092460234451322,1.3034609114612243,1.2763782180927976,1.2483063273741177,1.219186211691745,1.1889538766458145,1.1575398140467155,1.124868379516765,1.0908570820718853,1.0554157705432774,1.0184456985971801,0.9798384462635463,0.9394746710841659,0.8972226559634013,0.8529366131855716,0.806454694362466,0.7575966436291701,0.7061610153081983,0.6519218562550109,0.6640119181520838,0.7176185144332836,0.7684731784567396,0.8167961998917923
39070,0.22840896418541917,0.21848782687101104,0.27266975729873416,0.32405283985213423,0.37286251207351,0.41929977488283104,0.46354449863177266,0.5057581960331132,0.5460863612839366,0.5846604538051181,0.6215995890036898,0.6570119860808059,0.6909962132540055,0.7236422631786759,0.7550324853534558,0.78524239751506,0.8143413941971234,0.8423933675386708,0.8694572529229363,0.8742045401337035,0.8473117570549407,0.819440956278022,0.7905340377073926,0.7605280351194768,0.7293545828218464,0.6969393091686722,0.663201144748484,0.6280515306462744,0.5913935092080569,0.5531206760515228,0.5131159674749328,0.47125025165854834,0.42738068478442387,0.38134878395985233,0.33297815699303673,0.2820718137842541
43162,0.2316554109248598,0.17932220618169253,0.12410498880688119,0.17270847559807517,0.2253822871316173,0.2753796005171946,0.32291249655199156,0.3681704391671556,0.4113232859987374,0.45252382125636664,0.49190989846961347,0.5296062625553523,0.5657261066827391,0.6003724085655907,0.6336390823212582,0.6656119753396833,0.6963697342898522,0.7259845601418226,0.754522868665846,0.7820458701067027,0.8086100794842149,0.7853552318752074,0.7579528053575343,0.7295422479990202,0.7000629517315357,0.6694491690881369,0.6376294426151249,0.604525954975894,0.5700537863494691,0.534120063033335,0.4966229778321875,0.45745065867878626,0.41647985676250115,0.37357441893486815,0.3285835009178854,0.28133946731928766
39120,0.7002353474180575,0.6640780273458148,0.6263415326365166,0.5869124030298941,0.5456655910593294,0.502462899242491,0.45715115084709385,0.40956003845287753,0.3594995804757251,0.30675709756435526,0.2608777602674686,0.31602104814887017,0.36828643651750453,0.41790810951653184,0.4650946069876885,0.5100323292398755,0.5528884709283307,0.5938134914659375,0.6329432065629422,0.6704005680489743,0.7062971856818517,0.7407346341901094,0.773805580601055,0.8055947604370489,0.8361798262208872,0.8656320876179237,0.8940171592321787,0.9213955293941053,0.9433471973308553,0.9167600646442938,0.8892128034123677,0.8606487888379636,0.8310066891086348,0.8002199535129634,0.7682162309251733,0.7349167071570907
60133,0.4646765285838999,0.4293677183505425,0.3925394062603614,0.35408409061168183,0.31388346729981437,0.2718069974818656,0.2277102354153467,0.1814328672073334,0.13279639904539384,0.08160141775710969,0.0276243260426304,0.029752022196179197,0.08361779215730877,0.1347105321325753,0.18325284276643913,0.22944327709017096,0.2734595830052598,0.3154614246414427,0.3555926793504412,0.3939833868053995,0.43075141110836485,0.46600386475981354,0.499838333943784,0.5323439371915278,0.5636022436350644,0.5936880723976355,0.6226701909269864,0.6506119270587208,0.6775717071478792,0.6765535959113719,0.6495571210472509,0.62157653047222,0.5925532186964756,0.5624236593138806,0.5311188642330257,0.4985637685420315
65160,0.6899178782303512,0.6561906522242478,0.6210527180143226,0.5844071891881681,0.5461477416160634,0.5061574022954212,0.4643071422675303,0.42045423479778804,0.3744403307880851,0.32608919157709987,0.27520400403077644,0.22156418295769,0.21075559396503987,0.26496092874889526,0.3163655008983189,0.3651949587400119,0.4116504850214702,0.45591210770568075,0.4981414767447652,0.5384842063423652,0.5770718612733161,0.6140236497796698,0.6494478731531024,0.6834431724407912,0.7160996051135362,0.7474995785236953,0.7777186621925811,0.8068262971294458,0.83488641728989,0.8619579957725014,0.8671299269936601,0.8402447560018731,0.8123820143906706,0.7834836390679139,0.753486704819273,0.7223228915097055
41592,0.5116515842399995,0.47828907059704506,0.44354048356522857,0.40731129488214823,0.369497835681589,0.32998613247826225,0.28865055637262427,0.24535224879406783,0.19993727846214807,0.15223447320345265,0.10205285603541304,0.04917859644301028,0.008510440620177272,0.0635127380322882,0.11564878080241782,0.16515145896265818,0.21222819770898063,0.25706443251193467,0.29982651899849544,0.3406641838068787,0.3797126000825124,0.41709415405622896,0.45291995585703604,0.48729113737511853,0.5202999718876468,0.5520308437612019,0.5825610914572493,0.6119617429961751,0.640298159758179,0.6676306018458392,0.6870892395543379,0.6604581643334718,0.6328643965940776,0.6042511007647698,0.5745567116018865,0.5437144192609787
39168,0.5401897476218183,0.5079776807175784,0.474456126226192,0.4395377767699385,0.40312707986890467,0.36511921367076533,0.3253989025511606,0.2838390419878916,0.24029909511195932,0.19462321444921024,0.14663803099374015,0.09615003808766771,0.0429424785047033,0.015360287211057713,0.07001103893633671,0.12182449456822726,0.1710303344113083,0.21783321788682727,0.26241618546828055,0.3049435093184057,0.3455630958354366,0.3844085214967928,0.42160076668899366,0.45724969931768805,0.4914553499520043,0.5243090123800387,0.5558941972267426,0.5862874613318023,0.6155591316184432,0.6437739389884072,0.67099157518935,0.6841893800034586,0.6574474311716416,0.6297363087302867,0.6009986433158836,0.5711722784006328
28158,1.199327578722032,1.1674556524434896,1.1342965537166811,1.0997650472497396,1.0637679055319047,1.0262029233660026,0.9869577795410008,0.9459087166767927,0.9029190037030855,0.8578371371072392,0.8104947264544328,0.7607039960033956,0.7082548164887442,0.6529111578961374,0.7061604858053768,0.7587175229151518,0.8086074503256028,0.8560413331100837,0.9012077566209199,0.9442758149902016,0.985397626031168,1.024710459258802,1.062338545812296,1.0983946252449062,1.1329812734122588,1.1661920472848732,1.198112475880526,1.228820921246008,1.2583893292079533,1.2868838862263947,1.3143655959454221,1.3408907868073638,1.3154135533949824,1.2879700254219741,1.259515922603036,1.2299904319808774
32258,0.5711158774733995,0.5401367883502672,0.5079283841231534,0.4744107334016449,0.4394965512725361,0.4030903104720051,0.3650872175392114,0.32537202892018685,0.2838176764432134,0.24028366459138437,0.19461419311503023,0.14663594716229775,0.09615548245057946,0.04295611393901219,0.015053933832310995,0.06971323933671057,0.12153454543312757,0.1707476102369387,0.21755716023757096,0.26214629400150974,0.3046793342408795,0.3453042315274634,0.3841546010952825,0.42135145746270547,0.45700469870073673,0.49121438212729446,0.524071825324433,0.5556605601457756,0.5860571624245416,0.6153319761233034,0.6435497474690424,0.670770182026498,0.6841210891561031,0.6573818605057058,0.6296736174554942,0.6009390037719582
37481,0.7935679165758918,0.8244751518792348,0.8542306603487384,0.8829015554272626,0.9105496758112117,0.9372321039543106,0.9206784960172925,0.8933994189245558,0.8651195318554821,0.8357788392755283,0.8053122733129203,0.7736491323567101,0.740712441874775,0.7064182243570325,0.670674662665794,0.6333811378361298,0.5944271183468792,0.5536908728581611,0.5110379720934819,0.466319537547087,0.41937018449948904,0.3700055937198472,0.3180196292538422,0.2631808974966574,0.2977769896887652,0.35080547865042155,0.40112887881273696,0.44896237228976843,0.4944981044872996,0.5379082624130402,0.5793476626592715,0.6189559392951682,0.6568594031486048,0.6931726295286607,0.7279998202458733,0.761435977033474
38254,1.011189397585416,0.98306275000746,0.9538845711973503,0.9235905851398956,0.8921109706208243,0.8593697344420645,0.8252839958724438,0.7897631670433523,0.75270801086136,0.7140095541171769,0.6735478286117198,0.6311904070174821,0.5867906924761384,0.5401859111041443,0.49119474396214813,0.43961451871791823,0.38521785991746527,0.40325820276823177,0.45671096195371874,0.5074242833933118,0.5556170912433132,0.6014847641908663,0.6452022962011199,0.6869269515069982,0.7268005073399468,0.7649511583777562,0.8014951418882568,0.8365381309269866,0.8701764338697675,0.9024980314173856,0.9335834765477502,0.9635066783737427,0.9923355872386566,1.020132795452815,1.0469560656971906,1.0383237955147617
42915,0.8462744915550525,0.8186842655073262,0.7900747227834067,0.760384315934267,0.7295462548703947,0.6974879220752431,0.664130206138483,0.6293867397406855,0.5931630254179941,0.555355428968222,0.5158500160464229,0.474521202098536,0.4312301789787695,0.3858230729651414,0.3381287778554173,0.2879563926124705,0.2350921745603239,0.19402767218299796,0.24904067292348184,0.30118653561642594,0.3506982483996369,0.3977833209791021,0.44262726198490976,0.4853964906701048,0.5262407892464728,0.5652953795956425,0.6026826908504829,0.6385138710408965,0.6728900856523371,0.7059036378352378,0.7376389385995635,0.7681733502371128,0.7975779221401457,0.8259180349051137,0.8532539659548949,0.8729022204312887
46113,0.6899006619037172,0.6633010314997873,0.635740543599998,0.6071625135060613,0.57750554306791,0.5467030079354255,0.5146824750374782,0.4813650387600557,0.4466645620306194,0.4104868057304179,0.3727284264116982,0.3332758180119873,0.29200376789499655,0.2487738907925293,0.2034327956529188,0.15580992945174707,0.1057150279168589,0.05293508479911309,0.008539308860912543,0.06364240050786381,0.11587091437719084,0.16545866526408645,0.21261387491037884,0.25752266829951315,0.30035200068025675,0.3412521223918333,0.3803586658213359,0.4177944214435286,0.4536708564896628,0.4880894193689576,0.5211426647975993,0.5529152281411259,0.583484672349777,0.6129222267652795,0.6412934337766297,0.668658716630273
41937,0.8168746752367317,0.8054228329926811,0.7782370767378506,0.7500560353566881,0.7208201743827392,0.6904649373556433,0.6589201912958718,0.6261095955400666,0.5919498810672348,0.5563500248746651,0.5192103007891857,0.48042118416113677,0.43986208297144014,0.39739986170389496,0.35288711651914273,0.3061601503081457,0.257036583415613,0.20531251926830762,0.15075916251804333,0.17469227975094093,0.2279933939601113,0.2785673661487289,0.3266317789398867,0.37238085215232797,0.41598857390565236,0.45761133152439104,0.49739013456331804,0.5354525030302426,0.571914079090547,0.6068800090709336,0.6404461336192551,0.6727000168226,0.7037218394924487,0.7335851773617801,0.7623576813541479,0.7901016741891551
32708,1.6424171959678728,1.6807271668940487,1.7174198476319205,1.7526018653922362,1.786370375628042,1.8188141133789457,1.8500143053412283,1.88004546401143,1.9089760815487729,1.9368692380138224,1.9637831362157774,1.9602127590753324,1.933170177087329,1.9051407631427375,1.8760656862265266,1.845881169912915,1.8145179482690457,1.7819006468436356,1.7479470762098328,1.7125674230381402,1.6756633206007583,1.6371267767963518,1.596838933028703,1.5546686213032188,1.5104706793613631,1.4640839740714238,1.4153290709795223,1.3640054720015315,1.3098883224657392,1.3173498772017573,1.3710766342543754,1.4220416849691622,1.470466388821097,1.5165482274467743,1.5604640194519008,1.6023726193046295
26107,0.8524608255238084,0.8909154741900853,0.927743163921207,0.9630513923970467,0.9969380876302572,1.0294926724519984,1.0607969876829584,1.0909260956957327,1.1199489823023372,1.1479291718576414,1.1749252680010356,1.175922386302232,1.1489622283060035,1.1210200920349065,1.0920375492906391,1.061951270194439,1.0306924850283874,0.9981863721404818,0.9643513595744377,0.9290983256359058,0.8923296805878611,0.853938307926476,0.8138063390241108,0.7718037290738133,0.7277865948785636,0.6815952656270154,0.6330519857479981,0.5819581933667959,0.5280912775929167,0.5260074534655816,0.5799833955926277,0.6311773211210803,0.679812817046231,0.7260892876482192,0.7701852190288154,0.8122609183647331
39504,0.7925404058588895,0.7617435555270228,0.7297290711518986,0.6964180800222356,0.6617244818755951,0.6255540788933153,0.5878035741062889,0.5483594139267202,0.5070964451643062,0.4638763501376674,0.41854581493305804,0.3709343749256126,0.3208518675921807,0.26808540434768896,0.22315597572669718,0.27827352106952236,0.3305152943754443,0.38011524321260487,0.42728170367569546,0.4722008997261799,0.5150398726798119,0.5559489480394496,0.5950638240994214,0.6325073493447305,0.6683910422484854,0.7028163966354876,0.7358760076016743,0.7676545465228949,0.7982296085546184,0.8276724519187414,0.8560486449692758,0.8834186343539551,0.9049158756281949,0.8783207419034237,0.8507650129839625,0.8221920257281071
52940,0.5054856925970889,0.5464536731818198,0.5856233668699128,0.6231180041590131,0.6590494409420048,0.6935194700805148,0.7266209525341211,0.7584387967609102,0.7890508099362551,0.8185284404025716,0.8469374274359179,0.8743383717229062,0.8975129760791228,0.8709473561255955,0.8434228618897596,0.814882971600183,0.7852664675355371,0.7545069256267652,0.7225321356695865,0.6892634406932979,0.6546149817839787,0.6184928318959658,0.5807939987676513,0.5414052728072086,0.5002018904956028,0.4570459771563527,0.41178472444784614,0.36424824708300424,0.3142470493089831,0.261569013535731,0.21313326854201317,0.2683459291442643,0.32067495404748986,0.3703551655819122,0.41759565317449227,0.46258329277586935
48618,0.6664254788034653,0.7030188077178959,0.7381079361885071,0.771789453252374,0.8041515895685573,0.835275121379064,0.865234157769828,0.8940968286671694,0.9219258880571651,0.9487792445220068,0.9418304353940418,0.9147266281652794,0.8866323776040735,0.8574885524616379,0.8272310434261293,0.7957902145845251,0.7630902792358857,0.7290485873811688,0.6935748096882804,0.6565699996146949,0.6179255115041707,0.5775217476501112,0.5352267012600903,0.4908942545970674,0.4443621818198343,0.39544979353056814,0.34395514384645814,0.28965169968008514,0.30417375953722875,0.3577173929019462,0.4085142103617066,0.4567839421458078,0.5027226631127096,0.5465059713550732,0.5882916576955856,0.6282219602823963
56371,0.4536301303060841,0.49467724126942914,0.5339205688530497,0.5714838577391155,0.6074794179252545,0.6420094446727158,0.6751671566601716,0.7070377813048796,0.7376994109943875,0.7672237497989278,0.7956767668774893,0.8231192700741148,0.8485411566986971,0.8220149952411062,0.7945322584052623,0.7660366131119205,0.7364670505826889,0.7057573786591509,0.673835645174655,0.6406234810102682,0.6060353492379185,0.5699776840139266,0.5323478994993107,0.4930332448723971,0.45190947623198907,0.4088393095575493,0.363670610485443,0.3162342659230908,0.2663416687019686,0.2137817285295376,0.16064810481234873,0.2159886088843224,0.2684348951726663,0.3182229645701917,0.365562921270842,0.41064251932333695
45465,0.34155343292949897,0.3862846153443738,0.42894933238803495,0.4696965542219636,0.5086607905185158,0.5459638434032049,0.5817163069428343,0.6160188555523142,0.6489633556841671,0.6806338288382919,0.7111072888979452,0.7404544727705081,0.7687404800683572,0.7960253349386303,0.8128939008890631,0.7862170480676486,0.7585748288568949,0.7299101876361765,0.7001613154317446,0.6692611318019898,0.6371366960741452,0.6037085362343241,0.5688898814696483,0.5325857815271288,0.49469209254741503,0.45509430466771256,0.4136661812238816,0.37026817249449034,0.3247455581882666,0.2769262616989299,0.22661826474478658,0.17360653228282913,0.13835213327258195,0.19320856092309607,0.24521076325343866,0.29459029551083776
53355,0.37787401119229996,0.42278337528826276,0.4656132365691141,0.5065138494971403,0.545620850074788,0.5830570319590028,0.618933865191961,0.6533528006742123,0.6864063953370493,0.7181792865214326,0.748749038944296,0.7781868835316753,0.8065583640969544,0.8339239051703365,0.8551798588310701,0.8285804751970717,0.8010202484625683,0.7724424951123795,0.7427858183066923,0.7119835951498726,0.67996339418937,0.6466463116170421,0.6119462123806915,0.5757688596283518,0.5380109124633093,0.4985587677032452,0.45728721597469163,0.4140578757191193,0.36871736011881157,0.32109512100147003,0.27100089967985336,0.21822169636336958,0.1737966383605853,0.22890052294172508,0.28112976423260977,0.3307181843113273
44625,0.17327302302383335,0.22213102256008171,0.2686128941266535,0.31289889318025815,0.35515086775368127,0.3955146052518311,0.43412182249753234,0.4710918617086131,0.5065331426425732,0.5405444114446121,0.5732158191157246,0.6046298564902146,0.6348621678117092,0.6639822611495132,0.6920541307952461,0.7191368042647264,0.7249208188309033,0.6980466138514554,0.6701954821768756,0.6413094139988009,0.6113255431536053,0.5801756151044193,0.547785381996803,0.5140739126465295,0.47895280291368253,0.4423252689555877,0.40408510218223787,0.3641154601663866,0.32228746202839426,0.278458549580974,0.23247056632241386,0.184147494588135,0.133292775962693,0.07968612024830507,0.06759835182422141,0.12183745031138998
28117,0.9452293533854131,0.979186018820639,1.0118062224748139,1.043172169926564,1.0733592500855382,1.1024367418615315,1.1304684333570816,1.1575131661193796,1.1612024302270785,1.1342906661999985,1.1063997693255658,1.0774715471808698,1.0474429312166802,1.0162454420625615,0.9838045814656814,0.9500391386358163,0.9148603963451704,0.8781712191450873,0.8398650023612712,0.7998244559171445,0.75792019125064,0.7140090722869162,0.6679322821437988,0.6195130453504948,0.5685539299952852,0.5148336342003151,0.5071236223441739,0.5612473101455805,0.6125769129064776,0.6613373440897966,0.7077291525007231,0.7519318165642067,0.7941065077037649,0.8343984216649684,0.8729387558435583,0.9098463947455814
42749,0.7577679811521623,0.7843021827382664,0.7593386461570011,0.731904627253958,0.7034605991450247,0.6739457963102067,0.6432942965594728,0.6114344480743117,0.5782882167458945,0.5437704403344161,0.5077879732626387,0.47023870250569527,0.4310104108741785,0.38997945877917023,0.34700924901240765,0.3019484307671278,0.2546287885192357,0.2048627477421447,0.15244041172201478,0.09712602055690195,0.1493014554637912,0.20188544714765716,0.25180016312457426,0.2992569026879159,0.34444445380098426,0.38753208668195577,0.4286720728447874,0.46800181651282874,0.505645667339931,0.5417164695221961,0.576316891623234,0.6095405730108518,0.6414731161579013,0.6721929487823857,0.7017720755830028,0.7302767359332172
