NORAD_CAT_ID,OBJECT_NAME,EPOCH,SEMIMAJOR_AXIS,ECCENTRICITY,INCLINATION,X_ECEF_KM,Y_ECEF_KM,Z_ECEF_KM,LONGITUDE_RAD,LONGITUDE_DEG
56372,GS-1,2026-08-28 00:19:37.333056+00:00,42169.417,0.00030084,2.9049,2090.021507391526,42068.691412858556,-1784.6370721181734,1.5211559782021316,87.15581753207638
41745,USA 271,2026-08-31 02:26:51.598176+00:00,42168.557,0.0013877,4.3566,-5240.019874226742,41833.01571564608,-2230.0484580829434,1.6954076973740977,97.1397056135289
57479,JUPITER 3 (ECHOSTAR 24),2026-08-31 07:42:49.613184+00:00,42164.729,0.000117,0.0156,-3829.766089873643,-41986.94654901354,11.40848439296567,-1.66175787730869,-95.21171294240641
55263,USA 342,2026-09-02 05:57:38.196864+00:00,42165.937,6.4e-05,0.0027,38584.72603382676,17003.712235866682,1.404098450891123,0.4150806724367573,23.78237068807839
56370,VIASAT 3-F1,2026-09-02 10:04:00.897312+00:00,42164.917,9.15e-05,0.0146,738.4376463592162,-42154.90570627769,6.641863079041676,-1.5532808771192739,-88.99643865731304
43339,USA 283,2026-09-02 12:29:38.771232+00:00,42165.417,0.0001095,0.0196,-29324.26113597473,30305.06926970265,-14.157164864204482,2.3397475556264316,134.05766006344533
64290,SIRIUS XM-10,2026-09-02 15:33:32.385600+00:00,42165.289,0.00014645,0.0187,-18613.484849718756,-37841.21947464197,11.460768291783875,-2.0279299629481313,-116.19182802504933
29494,DIRECTV 9S,2026-09-02 15:37:46.978752+00:00,42164.813,0.00038105,2.6132,-8146.310117927158,-41320.16933753908,1754.4997246440228,-1.7654509084517793,-101.15288599182404
44333,AT&T T-16,2026-09-02 15:37:54.467040+00:00,42164.638,2.935e-05,0.0142,-7948.711781031969,-41409.849411012576,10.45006738364775,-1.7604417798377383,-100.86588406320126
44071,WGS 10 (USA 291),2026-09-02 17:15:38.848896+00:00,42164.914,4.732e-05,0.0063,20880.548347014723,36631.123680799596,-2.2524024161529237,1.0527111529967446,60.315906113064145
68893,VIASAT 3-F3,2026-09-02 20:22:51.414816+00:00,42165.43,0.00013999,0.0117,-39257.767579202526,15401.667889164988,-8.34387231967743,2.7677231127834965,158.5788532233051
42075,WGS 9 (USA 275),2026-09-02 21:11:16.033344+00:00,42165.138,3.286e-05,0.016,41246.68502836696,-8747.657495716834,8.974491068565037,-0.2089849093270526,-11.973953286364308
46114,GALAXY 30,2026-09-02 22:21:39.282624+00:00,42164.666,0.00024461,0.0196,-24186.720308395084,-34525.27818700985,10.453211972925157,-2.181892035881082,-125.01320500919279
42070,ECHOSTAR 23,2026-09-02 22:25:53.875776+00:00,42164.981,0.00019691,0.0183,-14346.279096842143,-39641.136501431385,9.901717672493673,-1.918036285069837,-109.89538408745288
35491,EWS-G3,2026-09-02 23:23:25.859040+00:00,42220.37,0.0002191,1.8833,-749.5914348018723,42205.67552630979,-1147.9460097314202,1.588554901323218,91.01749137064135
42740,VIASAT 2,2026-09-03 00:19:57.187776+00:00,42165.331,3.208e-05,0.0275,14483.524942702006,-39598.82006783416,-10.354558829821721,-1.22015409018343,-69.90967972313537
68126,ECHOSTAR 25,2026-09-03 03:20:28.399776+00:00,42164.575,0.00015594,0.0191,-14405.626705652661,-39621.243819784446,9.55291072765827,-1.9195205551686356,-109.98042649977153
47240,XM-7,2026-09-03 06:29:46.778784+00:00,42165.188,0.0003753,0.0185,3586.9996529546843,-42012.65241299851,13.58863077180434,-1.4856238498136647,-85.11997653830026
19548,TDRS 3,2026-09-03 07:13:52.324320+00:00,42162.919,0.00381327,12.5444,26723.97352106132,-31297.581644087768,-9124.841568587839,-0.8640615239787944,-49.5070785636269
40746,WGS 7 (USA 263),2026-09-03 07:53:38.813280+00:00,42165.002,5.41e-06,0.0163,-42004.84317635235,3673.665548322255,-3.4135074914125796,3.0543564805355783,175.0017354631206
39222,WGS 6 (USA 244),2026-09-03 08:25:03.307872+00:00,42165.024,4.027e-05,0.022,-29936.9769742334,-29693.709343658833,7.157236649308126,-2.3602740387612053,-135.23374091531434
23712,USA 115,2026-09-03 08:49:12.628992+00:00,42164.566,0.00063328,14.1008,-375.94560266428743,-41967.57418817391,-3863.0366737008867,-1.579754088933944,-90.5132419644495
39008,ECHOSTAR 16,2026-09-03 10:38:13.822656+00:00,42164.798,0.0002131,0.0179,20130.69549234651,-37045.78174241044,13.080675716985905,-1.0730340433364642,-61.480321957037276
25019,USA 134,2026-09-03 11:32:36.209760+00:00,42165.02,0.00023797,12.8765,-15541.638448191261,-39090.74638450741,2913.775701304567,-1.949213421269261,-111.68170240898442
21639,TDRS 5,2026-09-03 11:50:41.341920+00:00,42163.725,0.0009205,14.0623,-40446.15996814703,-9454.957866836477,7340.085293307527,-2.9119499445035806,-166.84244197340945
27691,USA 167,2026-09-03 12:03:40.097952+00:00,42164.274,0.00029377,11.1131,-21854.648312215868,-35534.81310437973,6195.132497711361,-2.122187365422777,-121.59237937471251
41879,WGS 8 (USA 272),2026-09-03 12:08:02.806656+00:00,42165.041,1.88e-06,0.0184,-36446.30045382366,21202.73863922521,-7.657789212541369,2.614698247755958,149.81117429666807
32763,ICO G-1,2026-09-03 12:11:54.306816+00:00,42163.549,0.0002331,5.5367,-2033.5161331533163,-42096.768019703624,952.3568706148379,-1.6190645606660576,-92.76556608536794
26715,USA 157,2026-09-03 13:38:08.539296+00:00,42164.606,0.0042754,11.6287,-35893.336714252844,-20807.974877171422,6906.863426010948,-2.6162207032674685,-149.89840457197405
35496,TERRESTAR 1,2026-09-03 13:49:22.461888+00:00,42164.176,0.00024948,5.2128,-14985.088925020642,-39311.223259950086,2685.139464115716,-1.9349837431355816,-110.866401908095
38551,ECHOSTAR 17,2026-09-03 13:50:29.853888+00:00,42165.372,0.0002256,0.0232,-12391.816732545583,-40294.166797232676,14.950596466084896,-1.8691504189918815,-107.09443028334428
41866,GOES 16,2026-09-03 13:51:14.782752+00:00,42164.657,0.00017648,0.5268,-10696.806006286408,-40776.552753880766,373.0865145865239,-1.827343152626718,-104.69905036764118
36395,SDO,2026-09-03 13:51:52.223328+00:00,42163.867,0.0001856,34.8112,-4938.957450157524,-35086.439833146396,22842.828956100817,-1.710642895705348,-98.01261817795431
37218,SKYTERRA 1,2026-09-03 13:52:07.199040+00:00,42164.75,8.89e-05,5.2882,-8147.544963768169,-41301.25103369822,2326.7635889361227,-1.7655666132049845,-101.15951538585229
40333,DIRECTV 14,2026-09-03 13:52:44.638752+00:00,42165.09,3.782e-05,0.0212,-6762.873810159954,-41620.71413242626,14.603691131519474,-1.7318767088597828,-99.22922605467278
32729,DIRECTV 11,2026-09-03 13:52:44.638752+00:00,42165.186,5.56e-06,0.0029,-6734.0223200582,-41624.11006457506,-1.3174832812694812,-1.7311884024889659,-99.189789004613
29236,GALAXY 16,2026-09-03 13:52:52.127040+00:00,42164.975,0.00028759,0.0136,-6589.488734522343,-41635.30723973457,4.772983124572814,-1.727761240228678,-98.99342707139199
33376,GALAXY 19,2026-09-03 13:53:22.079328+00:00,42164.911,0.0002602,0.0486,-5134.602041458666,-41840.59374240557,-31.64340686952373,-1.692903991319791,-96.99625382347577
27445,GALAXY 3C,2026-09-03 13:53:59.519040+00:00,42164.807,0.0001378,3.935,-3503.7655724158885,-41947.4196818169,2416.8042868280827,-1.6541304417609521,-94.77469307701297
43226,GOES 17,2026-09-03 13:55:36.864192+00:00,42165.35,0.000119,1.1317,358.30312247701477,-42152.88901509844,711.9074418173694,-1.5622964469072462,-89.51299275606951
35493,SIRIUS FM-5,2026-09-03 13:56:29.278752+00:00,42164.576,4.72e-05,0.0499,2824.1149921444467,-42071.865605773186,-33.87886407954796,-1.5037709011538531,-86.15972599070028
62259,SIRIUS XM-9,2026-09-03 13:56:51.742752+00:00,42164.084,0.0004833,0.0063,3519.7052446734033,-42020.96739483008,3.5679994569193743,-1.4872307000610223,-85.2120422757834
48838,XM-8,2026-09-03 13:56:51.742752+00:00,42165.069,0.0005447,0.0238,3573.1047281210303,-42036.40260262558,9.882989582463905,-1.4859999041170184,-85.14152286275016
31307,GALAXY 17,2026-09-03 13:56:51.742752+00:00,42164.882,0.0002978,3.1622,3708.608009296555,-41953.21648435101,1746.4973775774497,-1.4826268543748977,-84.94826134843895
66454,VIASAT 3-F2,2026-09-03 13:58:36.577056+00:00,42165.236,0.00012289,0.004,8045.120502806676,-41387.61139916742,2.3702075127783897,-1.378805829716517,-78.9997548107901
34713,WGS F2 (USA 204),2026-09-03 14:37:25.355136+00:00,42164.408,5.303e-05,0.0218,22667.986772637058,35555.17314641589,-10.821559502891926,1.0032274279363098,57.48069751251549
23467,UFO 4 (USA 108),2026-09-03 15:10:14.705760+00:00,42163.528,0.0002698,9.6895,-41194.42868338147,5498.208533502773,7071.866439983362,3.00890712715445,172.39767933278333
32951,GALAXY 18,2026-09-03 15:28:35.446944+00:00,42165.014,0.0002985,0.0115,-22960.30267033058,-35350.45363478387,-4.11007073287809,-2.1468236147511606,-123.00393248426089
36792,ECHOSTAR 15,2026-09-03 15:29:50.328096+00:00,42164.903,0.0002057,0.0591,-20310.909559677697,-36941.25277329369,-42.29840564828229,-2.0734986283875707,-118.80272023277287
28659,DIRECTV 8,2026-09-03 15:29:50.328096+00:00,42165.129,0.0003146,0.0149,-20465.1932899458,-36850.44664625869,8.764086126383448,-2.077743917266415,-119.04595736834449
37185,XM-5,2026-09-03 15:30:50.231808+00:00,42164.495,6.36e-05,0.0694,-17949.07680333009,-38151.15363902158,-50.90419958064279,-2.010544328661364,-115.19570455625961
69728,SIRIUS XM-11,2026-09-03 15:30:50.231808+00:00,42165.006,7.45e-05,0.0195,-18022.468093116986,-38117.26375780336,14.283767832012437,-2.0124615487374764,-115.30555317501862
37843,VIASAT 1,2026-09-03 15:30:57.720096+00:00,42164.909,0.0002151,0.0169,-17880.345412118553,-38176.333267132286,1.4240201990980883,-2.008814769736042,-115.09660812941951
49817,STPSAT-6,2026-09-03 15:31:50.137248+00:00,42164.906,0.0001134,0.5163,-15737.001184286084,-39117.45109902282,375.4598320778127,-1.9532850021560144,-111.91498680974154
27426,DIRECTV 5 (TEMPO 1),2026-09-03 15:32:20.087808+00:00,42164.72,0.0003506,5.0713,-14376.465354929234,-39468.994178717156,3483.486218373027,-1.9201066046263402,-110.01400466028392
28935,ECHOSTAR 10,2026-09-03 15:32:20.087808+00:00,42162.437,0.0001978,0.0616,-14516.26208633806,-39579.66443175961,-43.50673760754395,-1.922323933078871,-110.14104822240822
33207,ECHOSTAR 11,2026-09-03 15:32:27.576960+00:00,42164.908,0.0002465,1.2007,-14273.020467350629,-39655.29850216352,863.3136716220488,-1.9162874563314838,-109.79518358165406
37748,SES 3,2026-09-03 15:34:19.896960+00:00,42164.832,0.0002488,1.5222,-9472.898097444759,-41062.78830010981,1051.8085105694174,-1.7975228036202748,-102.99047022596484
40663,DIRECTV 15,2026-09-03 15:34:27.386112+00:00,42164.863,3.37e-05,0.0177,-9386.04479173999,-41105.45584914172,12.14522199931695,-1.7952881243448144,-102.86243253491561
36131,DIRECTV 12,2026-09-03 15:34:27.386112+00:00,42164.888,3.61e-05,0.0104,-9287.576037950223,-41128.25376917947,1.9249185420846808,-1.7928909756658262,-102.72508603274423
41893,ECHOSTAR 19,2026-09-03 15:36:04.731264+00:00,42165.198,0.0001429,0.0166,-5209.027823695305,-41836.7646073566,9.94529651346207,-1.6946672363677018,-97.0972803229684
20253,FLTSATCOM 8 (USA 46),2026-09-03 16:03:44.375040+00:00,42162.694,0.0002608,12.4015,-23795.188519223557,33758.21776147879,8515.48074430492,2.1847839393686317,125.17889887378854
36108,WGS F3 (USA 211),2026-09-03 16:06:30.681216+00:00,42165.003,7.49e-05,0.3163,-22540.637138165857,-35631.99973046461,232.55285038370107,-2.1348388277640313,-122.31725477153506
23613,TDRS 7,2026-09-03 16:08:40.257024+00:00,42163.433,0.0011827,13.3048,1240.8521154448936,41723.38825789913,5776.270740594869,1.5410651249211451,88.2965276127826
26388,TDRS 8,2026-09-03 16:10:24.908160+00:00,42164.373,0.0002017,12.8058,3613.7792080429663,41974.16268461579,-1728.7546965150636,1.4849127844554229,85.07923549431504
36868,AEHF 1 (USA 214),2026-09-03 16:25:35.253120+00:00,42164.652,0.0003812,8.4138,36214.42279345711,20764.781212473936,-6039.3495836329885,0.5206191854093281,29.829282057493387
22787,UFO 2 (USA 95),2026-09-03 16:26:44.850048+00:00,42164.091,0.0001488,11.9233,36465.45238045139,20432.786001277687,-5516.74039738615,0.5107415722181772,29.26333650997769
38070,WGS F4 (USA 233),2026-09-03 16:28:59.654784+00:00,42165.328,6.55e-05,0.014,1162.9141858411967,42150.208210349214,-8.44736783264946,1.5432135626339134,88.41962402627097
27875,USA 170,2026-09-03 16:30:30.123360+00:00,42166.361,0.0001746,10.6623,37762.92624508048,17071.726982620952,-7796.072792342825,0.4245793028214218,24.326602120274394
27954,HORIZONS 1 (GALAXY 13),2026-09-03 17:03:33.839712+00:00,42165.233,0.0001957,1.616,-36503.31634671718,-21062.359108217323,1053.4888508722988,-2.6182577382643437,-150.01511808001544
51850,GOES 18,2026-09-03 17:07:18.483168+00:00,42164.875,7.34e-05,0.0103,-30842.177414636106,-28750.08177172664,-6.676007885374044,-2.3912869134518453,-137.0106477456561
36499,ECHOSTAR 14,2026-09-03 17:12:25.490880+00:00,42165.07,0.0001954,0.0594,-20381.991704168144,-36902.253059919945,-43.37595797348382,-2.0754218749622924,-118.91291414446741
39360,SIRIUS FM-6,2026-09-03 17:12:55.444032+00:00,42164.878,0.0001563,0.0072,-18726.54129102346,-37774.54707484627,4.211250143211192,-2.031034112616917,-116.36968270004769
22314,TDRS 6,2026-09-03 17:31:54.848352+00:00,42162.684,0.0009228,14.1853,28262.750239735164,-29661.277205259954,-9866.305246194868,-0.8095376331402709,-46.383089735947486
25967,UFO 10 (USA 146),2026-09-03 17:39:45.369792+00:00,42165.105,0.0003659,9.9029,38296.141484085405,-16343.082366179327,-6602.37374476283,-0.4033564848935376,-23.11062422363205
36411,EWS-G2,2026-09-03 18:24:38.670336+00:00,42165.097,0.000528,1.4882,18930.97405395222,37684.507154760926,-1088.4305833171472,1.1052670553802992,63.32713750814337
26575,USA 153,2026-09-03 18:24:41.061024+00:00,42164.708,0.0001765,11.7583,-29042.740283643503,30170.72459596939,4914.942658027795,2.337147337612021,133.9086785454057
39070,TDRS 11,2026-09-03 18:39:24.651360+00:00,42166.792,0.0004274,3.6396,-41846.55085986625,-4321.131233124168,2675.1998149287597,-3.0386959976507435,-174.1044558886827
43162,SBIRS GEO 3 (USA 282),2026-09-03 18:43:31.756224+00:00,42164.652,0.0001941,2.2474,-39436.33954018008,-14833.666583025459,1429.195109367894,-2.7818210882784222,-159.3866077188432
39120,SBIRS GEO 2 (USA 241),2026-09-03 19:05:59.602272+00:00,42332.792,0.0001605,4.6574,6721.9814752445745,-41776.15060520716,1074.743746193744,-1.4112590133211202,-80.85918526309702
60133,GOES 19,2026-09-03 19:07:36.944832+00:00,42164.96,7.77e-05,0.0107,10775.782676900331,-40761.828651271935,-6.593288737380023,-1.3123490250509795,-75.19206038352947
65160,NTS-3,2026-09-03 19:10:44.145984+00:00,42055.121,0.0001297,3.4315,18413.713280916683,-37794.46520597648,849.8213252689347,-1.117435710739402,-64.02435010256922
41592,ECHOSTAR 18,2026-09-03 19:11:29.073984+00:00,42164.816,0.0001492,0.0175,20228.013045035517,-36992.28686370072,12.816760202008199,-1.0704001262098979,-61.3294096220978
39168,WGS 5 (USA 243),2026-09-03 19:14:06.322848+00:00,42165.356,6.54e-05,0.0208,25661.116570834936,-33454.748748710874,14.411732244249485,-0.9164787770621248,-52.51036593897083
28158,USA 176,2026-09-03 19:14:51.250848+00:00,42166.09,0.0002295,12.1677,26954.545508549938,-31902.902492590278,-5774.524130999296,-0.8692745021129179,-49.80576020940616
32258,WGS F1 (USA 195),2026-09-03 19:16:51.060000+00:00,42164.787,9.97e-05,0.0185,31095.1038332365,-28474.933872735302,12.833166710837304,-0.7414418002138597,-42.48148590683614
37481,SBIRS GEO 1 (USA 230),2026-09-03 19:23:38.410080+00:00,42164.566,0.0001676,4.7071,25961.189154264306,33082.60580178092,-3162.6788047819277,0.9054307995241666,51.877363453890496
38254,AEHF 2 (USA 235),2026-09-03 19:24:20.340864+00:00,42164.553,0.0002414,6.8277,40276.0406570381,-12028.558367956783,-3346.099174511209,-0.2902205113303176,-16.628410427355888
42915,TDRS 13,2026-09-03 19:25:50.197728+00:00,42164.93,0.0013809,3.4788,41327.00940411673,-8253.184142293687,-2528.4168214465167,-0.19711127861832112,-11.293644359257065
46113,MEV-2,2026-09-03 19:28:42.423168+00:00,42164.813,3.65e-05,0.0535,42157.14618958866,-730.7392330728708,16.97699981946626,-0.017331962123781703,-0.9930482803732905
41937,SBIRS GEO 4 (USA 273),2026-09-03 19:29:49.815168+00:00,42333.02,0.0002248,2.3961,42255.105035569926,2095.978828493622,-1691.9855805763339,0.04956235085798723,2.8397135269092626
32708,AMC-14,2026-09-03 19:38:29.404032+00:00,42116.523,0.0035825,24.1009,-10267.601647384736,40203.79098888429,6323.336953796832,1.8208404223488004,104.32647136740457
26107,ASIASTAR,2026-09-03 19:39:29.865024+00:00,42164.359,0.0004054,9.3082,-11036.736959475746,40655.310810656854,-2011.5845748778222,1.8358786823577355,105.18810019713692
39504,TDRS 12,2026-09-03 19:48:40.891392+00:00,42164.472,0.0006302,4.059,31777.394455183283,-27570.05621099306,-2413.380626261313,-0.7146232459771243,-40.94489593642851
52940,WFOV (USA 332),2026-09-03 19:54:54.040032+00:00,42164.41,0.0002827,3.9056,-20678.808906360562,36741.734626137164,-1122.1668335602487,2.0834252397700017,119.37147316985269
48618,SBIRS GEO 5 (USA 315),2026-09-03 19:55:47.326368+00:00,42164.932,0.0001899,5.0111,-2705.833982536258,41965.833142449716,3164.964368246969,1.6351842695012038,93.68915736860156
56371,ARCTURUS,2026-09-03 20:03:09.118944+00:00,42165.432,7.6e-05,2.9713,-20948.494569121227,36585.05991807538,-889.0343275464832,2.090822792815462,119.79532173808171
45465,AEHF 6 (USA 298),2026-09-03 20:08:23.618400+00:00,42164.168,0.004222,2.3863,-31474.306042656637,28159.029899182824,1326.629121586741,2.4117316636354724,138.18204564437724
53355,SBIRS GEO 6 (USA 336),2026-09-03 20:08:38.594112+00:00,42164.969,0.0001886,3.1336,-31788.89439057866,27624.32047175205,2084.019868708734,2.4261751054023284,139.00959389926106
44625,MEV-1,2026-09-03 20:13:30.626976+00:00,42165.023,0.0004159,0.8487,-38543.0429094859,17087.07725300807,-34.196710899778765,2.724303880014116,156.0911144359235
28117,UFO 11 (USA 174),2026-09-03 20:33:51.736320+00:00,42164.789,0.0003586,9.0076,10401.997998935927,40796.63259112915,-2558.415072903115,1.3211436595512227,75.69595582275355
42749,ECHOSTAR 21,2026-09-03 20:48:38.536416+00:00,42164.634,0.0002396,1.7787,41479.23921702123,7531.417544587222,-1075.231912892462,0.1796139980172983,10.29112402786233
