epsilon_km_s,vertices,edges,beta_0,beta_1,q_coverage_fraction,mean_reachable_depots
0.0,105,0,105,0,0.0,0.0
0.015913524070043476,105,5,100,0,0.0,0.049019607843137254
0.03182704814008695,105,10,95,0,0.0,0.09803921568627451
0.04774057221013043,105,11,94,0,0.0,0.10784313725490197
0.0636540962801739,105,17,88,0,0.0,0.16666666666666666
0.07956762035021739,105,19,86,0,0.0,0.18627450980392157
0.09548114442026086,105,28,77,0,0.0,0.27450980392156865
0.11139466849030433,105,32,73,0,0.0,0.3137254901960784
0.1273081925603478,105,36,69,0,0.0,0.35294117647058826
0.1432217166303913,105,39,66,0,0.0,0.38235294117647056
0.15913524070043478,105,41,64,0,0.0,0.4019607843137255
0.17504876477047823,105,43,62,0,0.0,0.4215686274509804
0.19096228884052172,105,46,59,0,0.0,0.45098039215686275
0.2068758129105652,105,53,52,0,0.0,0.5196078431372549
0.22278933698060865,105,55,50,0,0.0,0.5392156862745098
0.23870286105065214,105,56,49,0,0.0,0.5490196078431373
0.2546163851206956,105,61,44,0,0.00980392156862745,0.5980392156862745
0.2705299091907391,105,65,42,2,0.029411764705882353,0.6372549019607843
0.2864434332607826,105,66,42,3,0.0392156862745098,0.6470588235294118
0.30235695733082607,105,69,40,4,0.049019607843137254,0.6764705882352942
0.31827048140086955,105,72,38,5,0.058823529411764705,0.7058823529411765
0.334184005470913,105,77,34,6,0.0784313725490196,0.7549019607843137
0.35009752954095646,105,81,31,7,0.08823529411764706,0.7941176470588235
0.36601105361099995,105,88,29,12,0.13725490196078433,0.8627450980392157
0.38192457768104343,105,92,26,13,0.14705882352941177,0.9019607843137255
0.3978381017510869,105,94,26,15,0.16666666666666666,0.9215686274509803
0.4137516258211304,105,102,24,21,0.22549019607843138,1.0
0.4296651498911739,105,106,24,25,0.2647058823529412,1.0392156862745099
0.4455786739612173,105,109,24,28,0.29411764705882354,1.0686274509803921
0.4614921980312608,105,117,24,36,0.3627450980392157,1.1470588235294117
0.4774057221013043,105,122,24,41,0.4117647058823529,1.196078431372549
0.49331924617134776,105,129,24,48,0.47058823529411764,1.2647058823529411
0.5092327702413912,105,136,23,54,0.5294117647058824,1.3333333333333333
0.5251462943114347,105,138,23,56,0.5490196078431373,1.3529411764705883
0.5410598183814782,105,145,22,62,0.5784313725490197,1.4215686274509804
0.5569733424515216,105,149,21,65,0.6078431372549019,1.4607843137254901
0.5728868665215652,105,154,21,70,0.6372549019607843,1.5098039215686274
0.5888003905916086,105,160,21,76,0.6372549019607843,1.5686274509803921
0.6047139146616521,105,173,20,88,0.6862745098039216,1.696078431372549
0.6206274387316956,105,179,19,93,0.6862745098039216,1.7549019607843137
0.6365409628017391,105,185,19,99,0.6862745098039216,1.8137254901960784
0.6524544868717825,105,196,19,110,0.696078431372549,1.9215686274509804
0.668368010941826,105,202,18,115,0.696078431372549,1.9803921568627452
0.6842815350118695,105,211,18,124,0.7058823529411765,2.0686274509803924
0.7001950590819129,105,215,18,128,0.7254901960784313,2.107843137254902
0.7161085831519565,105,219,17,131,0.7450980392156863,2.1470588235294117
0.7320221072219999,105,226,17,138,0.7745098039215687,2.215686274509804
0.7479356312920434,105,227,17,139,0.7745098039215687,2.2254901960784315
0.7638491553620869,105,232,15,142,0.7941176470588235,2.2745098039215685
0.7797626794321303,105,236,13,144,0.7941176470588235,2.3137254901960786
0.7956762035021738,105,238,13,146,0.803921568627451,2.3333333333333335
0.8115897275722173,105,242,10,147,0.803921568627451,2.372549019607843
0.8275032516422608,105,243,10,148,0.803921568627451,2.3823529411764706
0.8434167757123042,105,246,9,150,0.803921568627451,2.411764705882353
0.8593302997823478,105,248,8,151,0.803921568627451,2.4313725490196076
0.8752438238523912,105,254,5,154,0.803921568627451,2.4901960784313726
0.8911573479224346,105,258,5,158,0.8137254901960784,2.5294117647058822
0.9070708719924782,105,260,5,160,0.8333333333333334,2.549019607843137
0.9229843960625216,105,263,5,163,0.8431372549019608,2.5784313725490198
0.9388979201325651,105,265,5,165,0.8627450980392157,2.5980392156862746
0.9548114442026086,105,268,4,167,0.8627450980392157,2.627450980392157
0.9707249682726521,105,268,4,167,0.8627450980392157,2.627450980392157
0.9866384923426955,105,269,4,168,0.8725490196078431,2.6372549019607843
1.002552016412739,105,271,4,170,0.8823529411764706,2.656862745098039
1.0184655404827825,105,271,4,170,0.8823529411764706,2.656862745098039
1.034379064552826,105,272,4,171,0.8921568627450981,2.6666666666666665
1.0502925886228693,105,272,4,171,0.8921568627450981,2.6666666666666665
1.066206112692913,105,273,4,172,0.8921568627450981,2.676470588235294
1.0821196367629564,105,274,3,172,0.8921568627450981,2.6862745098039214
1.0980331608329998,105,275,3,173,0.9019607843137255,2.696078431372549
1.1139466849030433,105,277,3,175,0.9117647058823529,2.715686274509804
1.129860208973087,105,279,3,177,0.9215686274509803,2.735294117647059
1.1457737330431303,105,281,3,179,0.9411764705882353,2.7549019607843137
1.1616872571131738,105,283,3,181,0.9509803921568627,2.7745098039215685
1.1776007811832172,105,286,3,184,0.9705882352941176,2.803921568627451
1.1935143052532606,105,287,3,185,0.9705882352941176,2.8137254901960786
1.2094278293233043,105,289,3,187,0.9705882352941176,2.8333333333333335
1.2253413533933477,105,290,3,188,0.9705882352941176,2.843137254901961
1.2412548774633911,105,292,3,190,0.9803921568627451,2.8627450980392157
1.2571684015334346,105,292,3,190,0.9803921568627451,2.8627450980392157
1.2730819256034782,105,293,3,191,0.9803921568627451,2.872549019607843
1.2889954496735216,105,294,3,192,0.9803921568627451,2.8823529411764706
1.304908973743565,105,295,3,193,0.9803921568627451,2.892156862745098
1.3208224978136085,105,296,2,193,0.9803921568627451,2.9019607843137254
1.336736021883652,105,296,2,193,0.9803921568627451,2.9019607843137254
1.3526495459536956,105,296,2,193,0.9803921568627451,2.9019607843137254
1.368563070023739,105,298,2,195,0.9803921568627451,2.9215686274509802
1.3844765940937824,105,300,2,197,0.9803921568627451,2.9411764705882355
1.4003901181638259,105,300,2,197,0.9803921568627451,2.9411764705882355
1.4163036422338693,105,300,2,197,0.9803921568627451,2.9411764705882355
1.432217166303913,105,301,2,198,0.9803921568627451,2.950980392156863
1.4481306903739564,105,301,2,198,0.9803921568627451,2.950980392156863
1.4640442144439998,105,301,2,198,0.9803921568627451,2.950980392156863
1.4799577385140432,105,301,2,198,0.9803921568627451,2.950980392156863
1.4958712625840869,105,301,2,198,0.9803921568627451,2.950980392156863
1.5117847866541303,105,301,2,198,0.9803921568627451,2.950980392156863
1.5276983107241737,105,301,2,198,0.9803921568627451,2.950980392156863
1.5436118347942172,105,301,2,198,0.9803921568627451,2.950980392156863
1.5595253588642606,105,301,2,198,0.9803921568627451,2.950980392156863
1.5754388829343042,105,301,2,198,0.9803921568627451,2.950980392156863
1.5913524070043477,105,301,2,198,0.9803921568627451,2.950980392156863
1.607265931074391,105,301,2,198,0.9803921568627451,2.950980392156863
1.6231794551444345,105,301,2,198,0.9803921568627451,2.950980392156863
1.6390929792144782,105,301,2,198,0.9803921568627451,2.950980392156863
1.6550065032845216,105,301,2,198,0.9803921568627451,2.950980392156863
1.670920027354565,105,301,2,198,0.9803921568627451,2.950980392156863
1.6868335514246084,105,301,2,198,0.9803921568627451,2.950980392156863
1.7027470754946519,105,301,2,198,0.9803921568627451,2.950980392156863
1.7186605995646955,105,301,2,198,0.9803921568627451,2.950980392156863
1.734574123634739,105,301,2,198,0.9803921568627451,2.950980392156863
1.7504876477047824,105,301,2,198,0.9803921568627451,2.950980392156863
1.7664011717748258,105,301,2,198,0.9803921568627451,2.950980392156863
1.7823146958448692,105,302,2,199,0.9901960784313726,2.9607843137254903
1.7982282199149129,105,302,2,199,0.9901960784313726,2.9607843137254903
1.8141417439849563,105,302,2,199,0.9901960784313726,2.9607843137254903
1.8300552680549997,105,302,2,199,0.9901960784313726,2.9607843137254903
1.8459687921250432,105,302,2,199,0.9901960784313726,2.9607843137254903
1.8618823161950868,105,303,1,199,0.9901960784313726,2.9705882352941178
1.8777958402651302,105,303,1,199,0.9901960784313726,2.9705882352941178
1.8937093643351737,105,303,1,199,0.9901960784313726,2.9705882352941178
1.909622888405217,105,304,1,200,0.9901960784313726,2.980392156862745
1.9255364124752605,105,304,1,200,0.9901960784313726,2.980392156862745
1.9414499365453042,105,304,1,200,0.9901960784313726,2.980392156862745
1.9573634606153476,105,304,1,200,0.9901960784313726,2.980392156862745
1.973276984685391,105,304,1,200,0.9901960784313726,2.980392156862745
1.9891905087554345,105,304,1,200,0.9901960784313726,2.980392156862745
2.005104032825478,105,304,1,200,0.9901960784313726,2.980392156862745
2.0210175568955213,105,304,1,200,0.9901960784313726,2.980392156862745
2.036931080965565,105,304,1,200,0.9901960784313726,2.980392156862745
2.0528446050356086,105,304,1,200,0.9901960784313726,2.980392156862745
2.068758129105652,105,304,1,200,0.9901960784313726,2.980392156862745
2.0846716531756955,105,304,1,200,0.9901960784313726,2.980392156862745
2.1005851772457387,105,304,1,200,0.9901960784313726,2.980392156862745
2.1164987013157823,105,304,1,200,0.9901960784313726,2.980392156862745
2.132412225385826,105,304,1,200,0.9901960784313726,2.980392156862745
2.148325749455869,105,304,1,200,0.9901960784313726,2.980392156862745
2.164239273525913,105,304,1,200,0.9901960784313726,2.980392156862745
2.180152797595956,105,304,1,200,0.9901960784313726,2.980392156862745
2.1960663216659997,105,304,1,200,0.9901960784313726,2.980392156862745
2.2119798457360433,105,304,1,200,0.9901960784313726,2.980392156862745
2.2278933698060865,105,304,1,200,0.9901960784313726,2.980392156862745
2.24380689387613,105,305,1,201,1.0,2.9901960784313726
2.259720417946174,105,305,1,201,1.0,2.9901960784313726
2.275633942016217,105,305,1,201,1.0,2.9901960784313726
2.2915474660862607,105,305,1,201,1.0,2.9901960784313726
2.307460990156304,105,305,1,201,1.0,2.9901960784313726
2.3233745142263476,105,305,1,201,1.0,2.9901960784313726
2.339288038296391,105,305,1,201,1.0,2.9901960784313726
2.3552015623664344,105,305,1,201,1.0,2.9901960784313726
2.371115086436478,105,305,1,201,1.0,2.9901960784313726
2.3870286105065213,105,305,1,201,1.0,2.9901960784313726
2.402942134576565,105,305,1,201,1.0,2.9901960784313726
2.4188556586466086,105,305,1,201,1.0,2.9901960784313726
2.4347691827166518,105,305,1,201,1.0,2.9901960784313726
2.4506827067866954,105,305,1,201,1.0,2.9901960784313726
2.4665962308567386,105,305,1,201,1.0,2.9901960784313726
2.4825097549267823,105,306,1,202,1.0,3.0
2.498423278996826,105,306,1,202,1.0,3.0
2.514336803066869,105,306,1,202,1.0,3.0
2.530250327136913,105,306,1,202,1.0,3.0
