NORAD_CAT_ID,OBJECT_NAME,LONGITUDE_DEG,INCLINATION,SEMIMAJOR_AXIS,X_ECEF_KM,Y_ECEF_KM,Z_ECEF_KM,PRIMARY_STATION_ID,PRIMARY_DV_KM_S,BACKUP_DV_KM_S,DEPOTS_WITHIN_THRESHOLD,Q_COVERED
56372,GS-1,87.15581753207638,2.9049,42169.417,2090.021507391526,42068.691412858556,-1784.6370721181734,FS_29,0.22668603938867146,0.5932479172241423,1,False
41745,USA 271,97.1397056135289,4.3566,42168.557,-5240.019874226742,41833.01571564608,-2230.0484580829434,FS_29,0.2500559840880347,0.7059909848201604,1,False
57479,JUPITER 3 (ECHOSTAR 24),-95.21171294240641,0.0156,42164.729,-3829.766089873643,-41986.94654901354,11.40848439296567,FS_09,0.027769874517697704,0.3943117267372173,2,True
55263,USA 342,23.78237068807839,0.0027,42165.937,38584.72603382676,17003.712235866682,1.404098450891123,FS_18,0.17616293746152853,0.35921424011840836,2,True
56370,VIASAT 3-F1,-88.99643865731304,0.0146,42164.917,738.4376463592162,-42154.90570627769,6.641863079041676,FS_09,0.06161507395732511,0.37060415941298847,2,True
43339,USA 283,134.05766006344533,0.0196,42165.417,-29324.26113597473,30305.06926970265,-14.157164864204482,FS_29,0.17836224174136908,0.5352257585942972,1,False
64290,SIRIUS XM-10,-116.19182802504933,0.0187,42165.289,-18613.484849718756,-37841.21947464197,11.460768291783875,FS_09,0.0892880620458371,0.46989008790378634,2,True
29494,DIRECTV 9S,-101.15288599182404,2.6132,42164.813,-8146.310117927158,-41320.16933753908,1754.4997246440228,FS_09,0.14679315322421865,0.5557289972792637,1,False
44333,AT&T T-16,-100.86588406320126,0.0142,42164.638,-7948.711781031969,-41409.849411012576,10.45006738364775,FS_09,0.0057036429038168635,0.4152130479057705,2,True
44071,WGS 10 (USA 291),60.315906113064145,0.0063,42164.914,20880.548347014723,36631.123680799596,-2.2524024161529237,FS_29,0.20404382517708394,0.33601145297515744,2,True
68893,VIASAT 3-F3,158.5788532233051,0.0117,42165.43,-39257.767579202526,15401.667889164988,-8.34387231967743,FS_29,0.2879736338044654,0.45295287108045956,2,True
42075,WGS 9 (USA 275),-11.973953286364308,0.016,42165.138,41246.68502836696,-8747.657495716834,8.974491068565037,FS_18,0.012078180886398839,0.4048542267221878,3,True
46114,GALAXY 30,-125.01320500919279,0.0196,42164.666,-24186.720308395084,-34525.27818700985,10.453211972925157,FS_09,0.13428661868873434,0.49971199336159694,2,True
42070,ECHOSTAR 23,-109.89538408745288,0.0183,42164.981,-14346.279096842143,-39641.136501431385,9.901717672493673,FS_09,0.05585605940716428,0.44792299847253003,2,True
35491,EWS-G3,91.01749137064135,1.8833,42220.37,-749.5914348018723,42205.67552630979,-1147.9460097314202,FS_29,0.15301428868983774,0.5539684178648822,1,False
42740,VIASAT 2,-69.90967972313537,0.0275,42165.331,14483.524942702006,-39598.82006783416,-10.354558829821721,FS_09,0.15970871175679355,0.2944313839915849,2,True
68126,ECHOSTAR 25,-109.98042649977153,0.0191,42164.575,-14405.626705652661,-39621.243819784446,9.55291072765827,FS_09,0.05634281185977812,0.44825120396557033,2,True
47240,XM-7,-85.11997653830026,0.0185,42165.188,3586.9996529546843,-42012.65241299851,13.58863077180434,FS_09,0.08240700597585744,0.3557366589790782,2,True
19548,TDRS 3,-49.5070785636269,12.5444,42162.919,26723.97352106132,-31297.581644087768,-9124.841568587839,FS_18,0.8747189834865269,0.9242932209981601,0,False
40746,WGS 7 (USA 263),175.0017354631206,0.0163,42165.002,-42004.84317635235,3673.665548322255,-3.4135074914125796,FS_29,0.35514756642839285,0.393557216477202,2,True
39222,WGS 6 (USA 244),-135.23374091531434,0.022,42165.024,-29936.9769742334,-29693.709343658833,7.157236649308126,FS_09,0.18405884348947651,0.5315945479303117,1,False
23712,USA 115,-90.5132419644495,14.1008,42164.566,-375.94560266428743,-41967.57418817391,-3863.0366737008867,FS_09,0.807436038382639,1.1304251710357138,0,False
39008,ECHOSTAR 16,-61.480321957037276,0.0179,42164.798,20130.69549234651,-37045.78174241044,13.080675716985905,FS_09,0.19925564996037573,0.25774559249953954,2,True
25019,USA 134,-111.68170240898442,12.8765,42165.02,-15541.638448191261,-39090.74638450741,2913.775701304567,FS_09,0.7540040725934742,1.1427623380707643,0,False
21639,TDRS 5,-166.84244197340945,14.0623,42163.725,-40446.15996814703,-9454.957866836477,7340.085293307527,FS_09,1.0743439873267657,1.1755312186789222,0,False
27691,USA 167,-121.59237937471251,11.1131,42164.274,-21854.648312215868,-35534.81310437973,6195.132497711361,FS_09,0.7114529094035341,1.0826458296402501,0,False
41879,WGS 8 (USA 272),149.81117429666807,0.0184,42165.041,-36446.30045382366,21202.73863922521,-7.657789212541369,FS_29,0.25045119580511027,0.4834978058916523,2,True
32763,ICO G-1,-92.76556608536794,5.5367,42163.549,-2033.5161331533163,-42096.768019703624,952.3568706148379,FS_09,0.3373983755510659,0.6812291671393547,1,False
26715,USA 157,-149.89840457197405,11.6287,42164.606,-35893.336714252844,-20807.974877171422,6906.863426010948,FS_09,0.872793454278778,1.1051603882211722,0,False
35496,TERRESTAR 1,-110.866401908095,5.2128,42164.176,-14985.088925020642,-39311.223259950086,2685.139464115716,FS_09,0.3397071155001619,0.7299698938825417,1,False
38551,ECHOSTAR 17,-107.09443028334428,0.0232,42165.372,-12391.816732545583,-40294.166797232676,14.950596466084896,FS_09,0.04090990273568107,0.4382571686159552,2,True
41866,GOES 16,-104.69905036764118,0.5268,42164.657,-10696.806006286408,-40776.552753880766,373.0865145865239,FS_09,0.054704714288232065,0.4566594196927401,2,True
36395,SDO,-98.01261817795431,34.8112,42163.867,-4938.957450157524,-35086.439833146396,22842.828956100817,FS_09,1.8507333533180736,2.2433839446421473,0,False
37218,SKYTERRA 1,-101.15951538585229,5.2882,42164.75,-8147.544963768169,-41301.25103369822,2326.7635889361227,FS_09,0.29028845926929236,0.6992110701028055,1,False
40333,DIRECTV 14,-99.22922605467278,0.0212,42165.09,-6762.873810159954,-41620.71413242626,14.603691131519474,FS_09,0.00555667651397414,0.4095845028974071,2,True
32729,DIRECTV 11,-99.189789004613,0.0029,42165.186,-6734.0223200582,-41624.11006457506,-1.3174832812694812,FS_09,0.0048017078668347165,0.40846037527146417,2,True
29236,GALAXY 16,-98.99342707139199,0.0136,42164.975,-6589.488734522343,-41635.30723973457,4.772983124572814,FS_09,0.0064806408980554765,0.4083015815364403,2,True
33376,GALAXY 19,-96.99625382347577,0.0486,42164.911,-5134.602041458666,-41840.59374240557,-31.64340686952373,FS_09,0.019602614471711282,0.4027658135199387,2,True
27445,GALAXY 3C,-94.77469307701297,3.935,42164.807,-3503.7655724158885,-41947.4196818169,2416.8042868280827,FS_09,0.24047880039837027,0.602957144671084,1,False
43226,GOES 17,-89.51299275606951,1.1317,42165.35,358.30312247701477,-42152.88901509844,711.9074418173694,FS_09,0.11880318994625681,0.4325569448570016,2,True
35493,SIRIUS FM-5,-86.15972599070028,0.0499,42164.576,2824.1149921444467,-42071.865605773186,-33.87886407954796,FS_09,0.07859320725210991,0.3614713005699249,2,True
62259,SIRIUS XM-9,-85.2120422757834,0.0063,42164.084,3519.7052446734033,-42020.96739483008,3.5679994569193743,FS_09,0.08122835772780167,0.3554030290828074,2,True
48838,XM-8,-85.14152286275016,0.0238,42165.069,3573.1047281210303,-42036.40260262558,9.882989582463905,FS_09,0.0825738996394562,0.3561013060452653,2,True
31307,GALAXY 17,-84.94826134843895,3.1622,42164.882,3708.608009296555,-41953.21648435101,1746.4973775774497,FS_09,0.2519763946955366,0.5237302077069721,1,False
66454,VIASAT 3-F2,-78.9997548107901,0.004,42165.236,8045.120502806676,-41387.61139916742,2.3702075127783897,FS_09,0.11326662687576747,0.3306058863916091,2,True
34713,WGS F2 (USA 204),57.48069751251549,0.0218,42164.408,22667.986772637058,35555.17314641589,-10.821559502891926,FS_29,0.21789312421438484,0.32538170278314216,2,True
23467,UFO 4 (USA 108),172.39767933278333,9.6895,42163.528,-41194.42868338147,5498.208533502773,7071.866439983362,FS_29,0.8633157966451909,0.9217463782055165,0,False
32951,GALAXY 18,-123.00393248426089,0.0115,42165.014,-22960.30267033058,-35350.45363478387,-4.11007073287809,FS_09,0.12380099669574313,0.4925963644353361,2,True
36792,ECHOSTAR 15,-118.80272023277287,0.0591,42164.903,-20310.909559677697,-36941.25277329369,-42.29840564828229,FS_09,0.10496851559503163,0.480974281129925,2,True
28659,DIRECTV 8,-119.04595736834449,0.0149,42165.129,-20465.1932899458,-36850.44664625869,8.764086126383448,FS_09,0.10385562356732378,0.4794377514608503,2,True
37185,XM-5,-115.19570455625961,0.0694,42164.495,-17949.07680333009,-38151.15363902158,-50.90419958064279,FS_09,0.08676996898239377,0.4691495142204807,2,True
69728,SIRIUS XM-11,-115.30555317501862,0.0195,42165.006,-18022.468093116986,-38117.26375780336,14.283767832012437,FS_09,0.08468668158954974,0.4668695526577977,2,True
37843,VIASAT 1,-115.09660812941951,0.0169,42164.909,-17880.345412118553,-38176.333267132286,1.4240201990980883,FS_09,0.0834479660492484,0.4660050747230777,2,True
49817,STPSAT-6,-111.91498680974154,0.5163,42164.906,-15737.001184286084,-39117.45109902282,375.4598320778127,FS_09,0.09341263304899919,0.48174212924765886,2,True
27426,DIRECTV 5 (TEMPO 1),-110.01400466028392,5.0713,42164.72,-14376.465354929234,-39468.994178717156,3483.486218373027,FS_09,0.3275567610047437,0.7194025808932234,1,False
28935,ECHOSTAR 10,-110.14104822240822,0.0616,42162.437,-14516.26208633806,-39579.66443175961,-43.50673760754395,FS_09,0.059525160770851133,0.45113438340977785,2,True
33207,ECHOSTAR 11,-109.79518358165406,1.2007,42164.908,-14273.020467350629,-39655.29850216352,863.3136716220488,FS_09,0.1187627694575101,0.5110166480170385,1,False
37748,SES 3,-102.99047022596484,1.5222,42164.832,-9472.898097444759,-41062.78830010981,1051.8085105694174,FS_09,0.09860085348732875,0.5038949174240962,1,False
40663,DIRECTV 15,-102.86243253491561,0.0177,42164.863,-9386.04479173999,-41105.45584914172,12.14522199931695,FS_09,0.01715100198047075,0.422697114407845,2,True
36131,DIRECTV 12,-102.72508603274423,0.0104,42164.888,-9287.576037950223,-41128.25376917947,1.9249185420846808,FS_09,0.015990133769017385,0.4218069010855501,2,True
41893,ECHOSTAR 19,-97.0972803229684,0.0166,42165.198,-5209.027823695305,-41836.7646073566,9.94529651346207,FS_09,0.01732994788046793,0.4014355026264814,2,True
20253,FLTSATCOM 8 (USA 46),125.17889887378854,12.4015,42162.694,-23795.188519223557,33758.21776147879,8515.48074430492,FS_29,0.7982874101793566,1.226106472570167,0,False
36108,WGS F3 (USA 211),-122.31725477153506,0.3163,42165.003,-22540.637138165857,-35631.99973046461,232.55285038370107,FS_09,0.1366938469756934,0.5066524231225937,1,False
23613,TDRS 7,88.2965276127826,13.3048,42163.433,1240.8521154448936,41723.38825789913,5776.270740594869,FS_29,0.7769379230184313,1.1536374585250724,0,False
26388,TDRS 8,85.07923549431504,12.8058,42164.373,3613.7792080429663,41974.16268461579,-1728.7546965150636,FS_29,0.7673673406506697,1.115518465234513,0,False
36868,AEHF 1 (USA 214),29.829282057493387,8.4138,42164.652,36214.42279345711,20764.781212473936,-6039.3495836329885,FS_18,0.6554727379012291,0.7861859665151774,0,False
22787,UFO 2 (USA 95),29.26333650997769,11.9233,42164.091,36465.45238045139,20432.786001277687,-5516.74039738615,FS_18,0.8404124396600889,0.9760158931730616,0,False
38070,WGS F4 (USA 233),88.41962402627097,0.014,42165.328,1162.9141858411967,42150.208210349214,-8.44736783264946,FS_29,0.0646860569831545,0.44248062574861563,2,True
27875,USA 170,24.326602120274394,10.6623,42166.361,37762.92624508048,17071.726982620952,-7796.072792342825,FS_18,0.7499705408574192,0.9283026291787536,0,False
27954,HORIZONS 1 (GALAXY 13),-150.01511808001544,1.616,42165.233,-36503.31634671718,-21062.359108217323,1053.4888508722988,FS_09,0.3370861507861907,0.568543768732625,1,False
51850,GOES 18,-137.0106477456561,0.0103,42164.875,-30842.177414636106,-28750.08177172664,-6.676007885374044,FS_09,0.19179790642103017,0.5252691890324297,1,False
36499,ECHOSTAR 14,-118.91291414446741,0.0594,42165.07,-20381.991704168144,-36902.253059919945,-43.37595797348382,FS_09,0.10555753954844212,0.4813712887730302,2,True
39360,SIRIUS FM-6,-116.36968270004769,0.0072,42164.878,-18726.54129102346,-37774.54707484627,4.211250143211192,FS_09,0.08958328137940919,0.469869339025783,2,True
22314,TDRS 6,-46.383089735947486,14.1853,42162.684,28262.750239735164,-29661.277205259954,-9866.305246194868,FS_18,0.947596546577041,1.0253864778401443,0,False
25967,UFO 10 (USA 146),-23.11062422363205,9.9029,42165.105,38296.141484085405,-16343.082366179327,-6602.37374476283,FS_18,0.6028320661538321,0.8924177453294747,0,False
36411,EWS-G2,63.32713750814337,1.4882,42165.097,18930.97405395222,37684.507154760926,-1088.4305833171472,FS_29,0.2695264770097419,0.4275341746525659,2,True
26575,USA 153,133.9086785454057,11.7583,42164.708,-29042.740283643503,30170.72459596939,4914.942658027795,FS_29,0.806454694362466,1.164500930540098,0,False
39070,TDRS 11,-174.1044558886827,3.6396,42166.792,-41846.55085986625,-4321.131233124168,2675.1998149287597,FS_09,0.5460863612839366,0.5913935092080569,0,False
43162,SBIRS GEO 3 (USA 282),-159.3866077188432,2.2474,42164.652,-39436.33954018008,-14833.666583025459,1429.195109367894,FS_09,0.4113232859987374,0.5700537863494691,1,False
39120,SBIRS GEO 2 (USA 241),-80.85918526309702,4.6574,42332.792,6721.9814752445745,-41776.15060520716,1074.743746193744,FS_09,0.3594995804757251,0.5938134914659375,1,False
60133,GOES 19,-75.19206038352947,0.0107,42164.96,10775.782676900331,-40761.828651271935,-6.593288737380023,FS_09,0.13279639904539384,0.3154614246414427,2,True
65160,NTS-3,-64.02435010256922,3.4315,42055.121,18413.713280916683,-37794.46520597648,849.8213252689347,FS_09,0.3744403307880851,0.45591210770568075,2,True
41592,ECHOSTAR 18,-61.3294096220978,0.0175,42164.816,20228.013045035517,-36992.28686370072,12.816760202008199,FS_09,0.19993727846214807,0.25706443251193467,2,True
39168,WGS 5 (USA 243),-52.51036593897083,0.0208,42165.356,25661.116570834936,-33454.748748710874,14.411732244249485,FS_18,0.21783321788682727,0.24029909511195932,2,True
28158,USA 176,-49.80576020940616,12.1677,42166.09,26954.545508549938,-31902.902492590278,-5774.524130999296,FS_18,0.8560413331100837,0.9029190037030855,0,False
32258,WGS F1 (USA 195),-42.48148590683614,0.0185,42164.787,31095.1038332365,-28474.933872735302,12.833166710837304,FS_18,0.1707476102369387,0.2838176764432134,2,True
37481,SBIRS GEO 1 (USA 230),51.877363453890496,4.7071,42164.566,25961.189154264306,33082.60580178092,-3162.6788047819277,FS_29,0.4944981044872996,0.5536908728581611,1,False
38254,AEHF 2 (USA 235),-16.628410427355888,6.8277,42164.553,40276.0406570381,-12028.558367956783,-3346.099174511209,FS_18,0.40325820276823177,0.75270801086136,1,False
42915,TDRS 13,-11.293644359257065,3.4788,42164.93,41327.00940411673,-8253.184142293687,-2528.4168214465167,FS_18,0.19402767218299796,0.5931630254179941,1,False
46113,MEV-2,-0.9930482803732905,0.0535,42164.813,42157.14618958866,-730.7392330728708,16.97699981946626,FS_18,0.05293508479911309,0.4466645620306194,3,True
41937,SBIRS GEO 4 (USA 273),2.8397135269092626,2.3961,42333.02,42255.105035569926,2095.978828493622,-1691.9855805763339,FS_18,0.20531251926830762,0.571914079090547,1,False
32708,AMC-14,104.32647136740457,24.1009,42116.523,-10267.601647384736,40203.79098888429,6323.336953796832,FS_29,1.3098883224657392,1.7819006468436356,0,False
26107,ASIASTAR,105.18810019713692,9.3082,42164.359,-11036.736959475746,40655.310810656854,-2011.5845748778222,FS_29,0.5280912775929167,0.9981863721404818,0,False
39504,TDRS 12,-40.94489593642851,4.059,42164.472,31777.394455183283,-27570.05621099306,-2413.380626261313,FS_18,0.38011524321260487,0.5070964451643062,1,False
52940,WFOV (USA 332),119.37147316985269,3.9056,42164.41,-20678.808906360562,36741.734626137164,-1122.1668335602487,FS_29,0.3142470493089831,0.7545069256267652,1,False
48618,SBIRS GEO 5 (USA 315),93.68915736860156,5.0111,42164.932,-2705.833982536258,41965.833142449716,3164.964368246969,FS_29,0.30417375953722875,0.7290485873811688,1,False
56371,ARCTURUS,119.79532173808171,2.9713,42165.432,-20948.494569121227,36585.05991807538,-889.0343275464832,FS_29,0.2663416687019686,0.7057573786591509,1,False
45465,AEHF 6 (USA 298),138.18204564437724,2.3863,42164.168,-31474.306042656637,28159.029899182824,1326.629121586741,FS_29,0.3247455581882666,0.6489633556841671,1,False
53355,SBIRS GEO 6 (USA 336),139.00959389926106,3.1336,42164.969,-31788.89439057866,27624.32047175205,2084.019868708734,FS_29,0.36871736011881157,0.6864063953370493,1,False
44625,MEV-1,156.0911144359235,0.8487,42165.023,-38543.0429094859,17087.07725300807,-34.196710899778765,FS_29,0.32228746202839426,0.5065331426425732,1,False
28117,UFO 11 (USA 174),75.69595582275355,9.0076,42164.789,10401.997998935927,40796.63259112915,-2558.415072903115,FS_29,0.6125769129064776,0.8781712191450873,0,False
42749,ECHOSTAR 21,10.29112402786233,1.7787,42164.634,41479.23921702123,7531.417544587222,-1075.231912892462,FS_18,0.2048627477421447,0.505645667339931,1,False
