EPOCH,MEAN_NEAREST_CANDIDATE_DV_M_S,MEDIAN_NEAREST_CANDIDATE_DV_M_S,WORST_NEAREST_CANDIDATE_DV_M_S
2026-09-03 20:48:38.536416+00:00,215.81475448535835,64.58928675235221,1850.7333533180736
2026-09-03 21:18:38.536416+00:00,215.90467605527905,64.60866376204055,1856.6399772382606
2026-09-03 21:48:38.536416+00:00,215.97439175742795,64.62592417394697,1860.3970370971565
2026-09-03 22:18:38.536416+00:00,216.0235627431858,64.64056453340284,1861.8925850137214
2026-09-03 22:48:38.536416+00:00,216.0585276130037,64.65223374393314,1861.1975545675518
2026-09-03 23:18:38.536416+00:00,216.07579814249087,64.66074136673406,1858.511620953847
2026-09-03 23:48:38.536416+00:00,216.0761189251841,64.66606396793118,1854.116035197067
2026-09-04 00:18:38.536416+00:00,216.06317486664423,64.6683325341092,1848.3397868034522
2026-09-04 00:48:38.536416+00:00,215.9691044516371,64.66781038819558,1841.5389623066044
2026-09-04 01:18:38.536416+00:00,215.97584439487588,64.66487175927804,1844.8447693865974
2026-09-04 01:48:38.536416+00:00,216.02654142563821,64.6599657918151,1852.4264457980648
2026-09-04 02:18:38.536416+00:00,216.0666328792201,64.65357702203033,1859.7704480725572
2026-09-04 02:48:38.536416+00:00,216.08781129617867,64.64619348627332,1866.497691446534
2026-09-04 03:18:38.536416+00:00,216.01703079246076,64.63826796205818,1862.8551074157917
2026-09-04 03:48:38.536416+00:00,215.94128408983,64.63018339136039,1858.384666125029
2026-09-04 04:18:38.536416+00:00,215.86420003936533,64.62223329346928,1855.5756226084407
2026-09-04 04:48:38.536416+00:00,215.80693313855392,64.61460164343558,1854.7418568960527
2026-09-04 05:18:38.536416+00:00,215.78635842420138,64.60735199803025,1856.0986784070874
2026-09-04 05:48:38.536416+00:00,215.80789297513812,64.6004348975907,1859.7075224810694
2026-09-04 06:18:38.536416+00:00,215.86523744730897,64.59369615935928,1865.4217859539576
2026-09-04 06:48:38.536416+00:00,215.84968986473925,64.58689373906601,1862.2363955975552
2026-09-04 07:18:38.536416+00:00,215.7958043007795,64.57973026410613,1853.537804229503
2026-09-04 07:48:38.536416+00:00,215.7765549513213,64.57188203752551,1844.343743012335
2026-09-04 08:18:38.536416+00:00,215.8355230878029,64.56303072047731,1843.4488449196647
2026-09-04 08:48:38.536416+00:00,215.92776186365492,64.55290368431521,1851.0351513416856
2026-09-04 09:18:38.536416+00:00,216.00362813486575,64.54130328973517,1856.7882630869515
2026-09-04 09:48:38.536416+00:00,216.0525353863434,64.52813121803203,1860.3838983542958
2026-09-04 10:18:38.536416+00:00,216.0883214927271,64.51341439179747,1861.7228256511933
2026-09-04 10:48:38.536416+00:00,216.09985959015,64.49731363787359,1860.8850036973392
2026-09-04 11:18:38.536416+00:00,216.09287439451805,64.48012273190994,1858.0757665745432
2026-09-04 11:48:38.536416+00:00,216.0687065290222,64.46226603739757,1853.5795619947585
2026-09-04 12:18:38.536416+00:00,216.0328036788514,64.44427792299734,1847.7270770436019
2026-09-04 12:48:38.536416+00:00,215.98076227584664,64.4267735337637,1840.8753696440635
2026-09-04 13:18:38.536416+00:00,215.97814926509685,64.41042119175788,1845.5254842336865
2026-09-04 13:48:38.536416+00:00,216.0161883487378,64.39590130500005,1853.0949426992304
2026-09-04 14:18:38.536416+00:00,216.04518373450588,64.38386289029229,1860.4003577522444
2026-09-04 14:48:38.536416+00:00,216.05472487740514,64.37488893422471,1867.0632227496678
2026-09-04 15:18:38.536416+00:00,215.9538689387819,64.36945612769473,1862.3745597689976
2026-09-04 15:48:38.536416+00:00,215.8662447667099,64.36790004685456,1858.0161511753188
2026-09-04 16:18:38.536416+00:00,215.77865322588423,64.37039659299015,1855.345325468286
2026-09-04 16:48:38.536416+00:00,215.71092714648353,64.37694414556184,1854.6716396523364
2026-09-04 17:18:38.536416+00:00,215.67273081788588,64.38735617364377,1856.202471698681
2026-09-04 17:48:38.536416+00:00,215.6705752547232,64.40127327278977,1859.987114271265
2026-09-04 18:18:38.536416+00:00,215.70490282689815,64.4181771529787,1865.8630820765459
2026-09-04 18:48:38.536416+00:00,215.654968254242,64.43741412718296,1861.6586209624909
2026-09-04 19:18:38.536416+00:00,215.57763073354292,64.45823510742066,1852.8644299133125
2026-09-04 19:48:38.536416+00:00,215.53492245131125,64.47983269134106,1843.6294961986105
2026-09-04 20:18:38.536416+00:00,215.60385829882347,64.50138143269058,1844.1392670779699
