STATION_ID,LONGITUDE_DEG,X_ECEF_KM,Y_ECEF_KM,Z_ECEF_KM
FS_01,-180.0,-42164.0,-5.1636007639249e-12,0.0
FS_02,-170.0,-41523.434098006735,-7321.701763148448,0.0
FS_03,-160.0,-39621.19966281704,-14420.937323183503,0.0
FS_04,-150.0,-36515.09512516707,-21081.999999999996,0.0
FS_05,-140.0,-32299.497899668586,-27102.496774823252,0.0
FS_06,-130.0,-27102.496774823245,-32299.49789966859,0.0
FS_07,-120.0,-21081.99999999999,-36515.09512516707,0.0
FS_08,-110.0,-14420.937323183496,-39621.199662817045,0.0
FS_09,-100.0,-7321.70176314845,-41523.434098006735,0.0
FS_10,-90.0,2.58180038196245e-12,-42164.0,0.0
FS_11,-80.0,7321.701763148454,-41523.434098006735,0.0
FS_12,-70.0,14420.9373231835,-39621.19966281704,0.0
FS_13,-60.0,21082.000000000004,-36515.09512516707,0.0
FS_14,-50.0,27102.496774823245,-32299.49789966859,0.0
FS_15,-40.0,32299.49789966859,-27102.49677482324,0.0
FS_16,-30.0,36515.09512516707,-21081.999999999996,0.0
FS_17,-20.0,39621.199662817045,-14420.937323183496,0.0
FS_18,-10.0,41523.434098006735,-7321.7017631484505,0.0
FS_19,0.0,42164.0,0.0,0.0
FS_20,10.0,41523.434098006735,7321.7017631484505,0.0
FS_21,20.0,39621.199662817045,14420.937323183496,0.0
FS_22,30.0,36515.09512516707,21081.999999999996,0.0
FS_23,40.0,32299.49789966859,27102.49677482324,0.0
FS_24,50.0,27102.496774823245,32299.49789966859,0.0
FS_25,60.0,21082.000000000004,36515.09512516707,0.0
FS_26,70.0,14420.9373231835,39621.19966281704,0.0
FS_27,80.0,7321.701763148454,41523.434098006735,0.0
FS_28,90.0,2.58180038196245e-12,42164.0,0.0
FS_29,100.0,-7321.70176314845,41523.434098006735,0.0
FS_30,110.0,-14420.937323183496,39621.199662817045,0.0
FS_31,120.0,-21081.99999999999,36515.09512516707,0.0
FS_32,130.0,-27102.496774823245,32299.49789966859,0.0
FS_33,140.0,-32299.497899668586,27102.496774823252,0.0
FS_34,150.0,-36515.09512516707,21081.999999999996,0.0
FS_35,160.0,-39621.19966281704,14420.937323183503,0.0
FS_36,170.0,-41523.434098006735,7321.701763148448,0.0
