NORAD_CAT_ID,OBJECT_NAME,REFERENCE_STATE_EPOCH,SEMIMAJOR_AXIS,ECCENTRICITY,INCLINATION
19548,TDRS 3,2026-09-03 07:13:52.324320+00:00,42162.919,0.00381327,12.5444
20253,FLTSATCOM 8 (USA 46),2026-09-03 16:03:44.375040+00:00,42162.694,0.0002608,12.4015
21639,TDRS 5,2026-09-03 11:50:41.341920+00:00,42163.725,0.0009205,14.0623
22314,TDRS 6,2026-09-03 17:31:54.848352+00:00,42162.684,0.0009228,14.1853
22787,UFO 2 (USA 95),2026-09-03 16:26:44.850048+00:00,42164.091,0.0001488,11.9233
23467,UFO 4 (USA 108),2026-09-03 15:10:14.705760+00:00,42163.528,0.0002698,9.6895
23613,TDRS 7,2026-09-03 16:08:40.257024+00:00,42163.433,0.0011827,13.3048
23712,USA 115,2026-09-03 08:49:12.628992+00:00,42164.566,0.00063328,14.1008
25019,USA 134,2026-09-03 11:32:36.209760+00:00,42165.02,0.00023797,12.8765
25967,UFO 10 (USA 146),2026-09-03 17:39:45.369792+00:00,42165.105,0.0003659,9.9029
26107,ASIASTAR,2026-09-03 19:39:29.865024+00:00,42164.359,0.0004054,9.3082
26388,TDRS 8,2026-09-03 16:10:24.908160+00:00,42164.373,0.0002017,12.8058
26575,USA 153,2026-09-03 18:24:41.061024+00:00,42164.708,0.0001765,11.7583
26715,USA 157,2026-09-03 13:38:08.539296+00:00,42164.606,0.0042754,11.6287
27426,DIRECTV 5 (TEMPO 1),2026-09-03 15:32:20.087808+00:00,42164.72,0.0003506,5.0713
27445,GALAXY 3C,2026-09-03 13:53:59.519040+00:00,42164.807,0.0001378,3.935
27691,USA 167,2026-09-03 12:03:40.097952+00:00,42164.274,0.00029377,11.1131
27875,USA 170,2026-09-03 16:30:30.123360+00:00,42166.361,0.0001746,10.6623
27954,HORIZONS 1 (GALAXY 13),2026-09-03 17:03:33.839712+00:00,42165.233,0.0001957,1.616
28117,UFO 11 (USA 174),2026-09-03 20:33:51.736320+00:00,42164.789,0.0003586,9.0076
28158,USA 176,2026-09-03 19:14:51.250848+00:00,42166.09,0.0002295,12.1677
28659,DIRECTV 8,2026-09-03 15:29:50.328096+00:00,42165.129,0.0003146,0.0149
28935,ECHOSTAR 10,2026-09-03 15:32:20.087808+00:00,42162.437,0.0001978,0.0616
29236,GALAXY 16,2026-09-03 13:52:52.127040+00:00,42164.975,0.00028759,0.0136
29494,DIRECTV 9S,2026-09-02 15:37:46.978752+00:00,42164.813,0.00038105,2.6132
31307,GALAXY 17,2026-09-03 13:56:51.742752+00:00,42164.882,0.0002978,3.1622
32258,WGS F1 (USA 195),2026-09-03 19:16:51.060000+00:00,42164.787,9.97e-05,0.0185
32708,AMC-14,2026-09-03 19:38:29.404032+00:00,42116.523,0.0035825,24.1009
32729,DIRECTV 11,2026-09-03 13:52:44.638752+00:00,42165.186,5.56e-06,0.0029
32763,ICO G-1,2026-09-03 12:11:54.306816+00:00,42163.549,0.0002331,5.5367
32951,GALAXY 18,2026-09-03 15:28:35.446944+00:00,42165.014,0.0002985,0.0115
33207,ECHOSTAR 11,2026-09-03 15:32:27.576960+00:00,42164.908,0.0002465,1.2007
33376,GALAXY 19,2026-09-03 13:53:22.079328+00:00,42164.911,0.0002602,0.0486
34713,WGS F2 (USA 204),2026-09-03 14:37:25.355136+00:00,42164.408,5.303e-05,0.0218
35491,EWS-G3,2026-09-02 23:23:25.859040+00:00,42220.37,0.0002191,1.8833
35493,SIRIUS FM-5,2026-09-03 13:56:29.278752+00:00,42164.576,4.72e-05,0.0499
35496,TERRESTAR 1,2026-09-03 13:49:22.461888+00:00,42164.176,0.00024948,5.2128
36108,WGS F3 (USA 211),2026-09-03 16:06:30.681216+00:00,42165.003,7.49e-05,0.3163
36131,DIRECTV 12,2026-09-03 15:34:27.386112+00:00,42164.888,3.61e-05,0.0104
36395,SDO,2026-09-03 13:51:52.223328+00:00,42163.867,0.0001856,34.8112
36411,EWS-G2,2026-09-03 18:24:38.670336+00:00,42165.097,0.000528,1.4882
36499,ECHOSTAR 14,2026-09-03 17:12:25.490880+00:00,42165.07,0.0001954,0.0594
36792,ECHOSTAR 15,2026-09-03 15:29:50.328096+00:00,42164.903,0.0002057,0.0591
36868,AEHF 1 (USA 214),2026-09-03 16:25:35.253120+00:00,42164.652,0.0003812,8.4138
37185,XM-5,2026-09-03 15:30:50.231808+00:00,42164.495,6.36e-05,0.0694
37218,SKYTERRA 1,2026-09-03 13:52:07.199040+00:00,42164.75,8.89e-05,5.2882
37481,SBIRS GEO 1 (USA 230),2026-09-03 19:23:38.410080+00:00,42164.566,0.0001676,4.7071
37748,SES 3,2026-09-03 15:34:19.896960+00:00,42164.832,0.0002488,1.5222
37843,VIASAT 1,2026-09-03 15:30:57.720096+00:00,42164.909,0.0002151,0.0169
38070,WGS F4 (USA 233),2026-09-03 16:28:59.654784+00:00,42165.328,6.55e-05,0.014
38254,AEHF 2 (USA 235),2026-09-03 19:24:20.340864+00:00,42164.553,0.0002414,6.8277
38551,ECHOSTAR 17,2026-09-03 13:50:29.853888+00:00,42165.372,0.0002256,0.0232
39008,ECHOSTAR 16,2026-09-03 10:38:13.822656+00:00,42164.798,0.0002131,0.0179
39070,TDRS 11,2026-09-03 18:39:24.651360+00:00,42166.792,0.0004274,3.6396
39120,SBIRS GEO 2 (USA 241),2026-09-03 19:05:59.602272+00:00,42332.792,0.0001605,4.6574
39168,WGS 5 (USA 243),2026-09-03 19:14:06.322848+00:00,42165.356,6.54e-05,0.0208
39222,WGS 6 (USA 244),2026-09-03 08:25:03.307872+00:00,42165.024,4.027e-05,0.022
39360,SIRIUS FM-6,2026-09-03 17:12:55.444032+00:00,42164.878,0.0001563,0.0072
39504,TDRS 12,2026-09-03 19:48:40.891392+00:00,42164.472,0.0006302,4.059
40333,DIRECTV 14,2026-09-03 13:52:44.638752+00:00,42165.09,3.782e-05,0.0212
40663,DIRECTV 15,2026-09-03 15:34:27.386112+00:00,42164.863,3.37e-05,0.0177
40746,WGS 7 (USA 263),2026-09-03 07:53:38.813280+00:00,42165.002,5.41e-06,0.0163
41592,ECHOSTAR 18,2026-09-03 19:11:29.073984+00:00,42164.816,0.0001492,0.0175
41745,USA 271,2026-08-31 02:26:51.598176+00:00,42168.557,0.0013877,4.3566
41866,GOES 16,2026-09-03 13:51:14.782752+00:00,42164.657,0.00017648,0.5268
41879,WGS 8 (USA 272),2026-09-03 12:08:02.806656+00:00,42165.041,1.88e-06,0.0184
41893,ECHOSTAR 19,2026-09-03 15:36:04.731264+00:00,42165.198,0.0001429,0.0166
41937,SBIRS GEO 4 (USA 273),2026-09-03 19:29:49.815168+00:00,42333.02,0.0002248,2.3961
42070,ECHOSTAR 23,2026-09-02 22:25:53.875776+00:00,42164.981,0.00019691,0.0183
42075,WGS 9 (USA 275),2026-09-02 21:11:16.033344+00:00,42165.138,3.286e-05,0.016
42740,VIASAT 2,2026-09-03 00:19:57.187776+00:00,42165.331,3.208e-05,0.0275
42749,ECHOSTAR 21,2026-09-03 20:48:38.536416+00:00,42164.634,0.0002396,1.7787
42915,TDRS 13,2026-09-03 19:25:50.197728+00:00,42164.93,0.0013809,3.4788
43162,SBIRS GEO 3 (USA 282),2026-09-03 18:43:31.756224+00:00,42164.652,0.0001941,2.2474
43226,GOES 17,2026-09-03 13:55:36.864192+00:00,42165.35,0.000119,1.1317
43339,USA 283,2026-09-02 12:29:38.771232+00:00,42165.417,0.0001095,0.0196
44071,WGS 10 (USA 291),2026-09-02 17:15:38.848896+00:00,42164.914,4.732e-05,0.0063
44333,AT&T T-16,2026-09-02 15:37:54.467040+00:00,42164.638,2.935e-05,0.0142
44625,MEV-1,2026-09-03 20:13:30.626976+00:00,42165.023,0.0004159,0.8487
45465,AEHF 6 (USA 298),2026-09-03 20:08:23.618400+00:00,42164.168,0.004222,2.3863
46113,MEV-2,2026-09-03 19:28:42.423168+00:00,42164.813,3.65e-05,0.0535
46114,GALAXY 30,2026-09-02 22:21:39.282624+00:00,42164.666,0.00024461,0.0196
47240,XM-7,2026-09-03 06:29:46.778784+00:00,42165.188,0.0003753,0.0185
48618,SBIRS GEO 5 (USA 315),2026-09-03 19:55:47.326368+00:00,42164.932,0.0001899,5.0111
48838,XM-8,2026-09-03 13:56:51.742752+00:00,42165.069,0.0005447,0.0238
49817,STPSAT-6,2026-09-03 15:31:50.137248+00:00,42164.906,0.0001134,0.5163
51850,GOES 18,2026-09-03 17:07:18.483168+00:00,42164.875,7.34e-05,0.0103
52940,WFOV (USA 332),2026-09-03 19:54:54.040032+00:00,42164.41,0.0002827,3.9056
53355,SBIRS GEO 6 (USA 336),2026-09-03 20:08:38.594112+00:00,42164.969,0.0001886,3.1336
55263,USA 342,2026-09-02 05:57:38.196864+00:00,42165.937,6.4e-05,0.0027
56370,VIASAT 3-F1,2026-09-02 10:04:00.897312+00:00,42164.917,9.15e-05,0.0146
56371,ARCTURUS,2026-09-03 20:03:09.118944+00:00,42165.432,7.6e-05,2.9713
56372,GS-1,2026-08-28 00:19:37.333056+00:00,42169.417,0.00030084,2.9049
57479,JUPITER 3 (ECHOSTAR 24),2026-08-31 07:42:49.613184+00:00,42164.729,0.000117,0.0156
60133,GOES 19,2026-09-03 19:07:36.944832+00:00,42164.96,7.77e-05,0.0107
62259,SIRIUS XM-9,2026-09-03 13:56:51.742752+00:00,42164.084,0.0004833,0.0063
64290,SIRIUS XM-10,2026-09-02 15:33:32.385600+00:00,42165.289,0.00014645,0.0187
65160,NTS-3,2026-09-03 19:10:44.145984+00:00,42055.121,0.0001297,3.4315
66454,VIASAT 3-F2,2026-09-03 13:58:36.577056+00:00,42165.236,0.00012289,0.004
68126,ECHOSTAR 25,2026-09-03 03:20:28.399776+00:00,42164.575,0.00015594,0.0191
68893,VIASAT 3-F3,2026-09-02 20:22:51.414816+00:00,42165.43,0.00013999,0.0117
69728,SIRIUS XM-11,2026-09-03 15:30:50.231808+00:00,42165.006,7.45e-05,0.0195
